data,liczba_wzmianek,sredni_tone
2015-10-31,73.0,-0.18406220514391275
2015-11-01,56.0,-0.5917929970487743
2015-11-02,137.0,-0.6056804325797877
2015-11-03,188.0,-1.554745679256722
2015-11-04,215.0,-0.5755914590895773
2015-11-05,195.0,-0.93763522722676
2015-11-06,176.0,-1.6235091489208424
2015-11-07,81.0,-1.3714138119779578
2015-11-08,78.0,-1.5780984175402581
2015-11-09,162.0,-0.8216289788971937
2015-11-10,278.0,-4.203468381657766
2015-11-11,227.0,-3.4613797988456603
2015-11-12,139.0,-0.7140459744198836
2015-11-13,171.0,-1.3104802101914008
2015-11-14,89.0,-0.2264993003902404
2015-11-15,44.0,-0.8750728043604249
2015-11-16,111.0,-0.9832251342515387
2015-11-17,107.0,-0.5058008008602309
2015-11-18,133.0,-1.2384464370750372
2015-11-19,137.0,-1.0607656204022455
2015-11-20,145.0,-0.6608269965122794
2015-11-21,70.0,-0.830348506737938
2015-11-22,52.0,-0.7418457303507726
2015-11-23,113.0,-0.15814361233327415
2015-11-24,160.0,-0.35426216460740567
2015-11-25,114.0,-0.5033097428016041
2015-11-26,114.0,-0.5875449584126993
2015-11-27,94.0,-0.5377457242730992
2015-11-28,45.0,0.11571318340257862
2015-11-29,42.0,-0.6614068802913075
2015-11-30,140.0,-1.3362379676879574
2015-12-01,183.0,-1.8474431686132917
2015-12-02,145.0,-1.082079055687507
2015-12-03,114.0,-0.14099682491296517
2015-12-04,134.0,-0.11301139547218711
2015-12-05,55.0,-1.311383554961769
2015-12-06,44.0,-1.1147008723638032
2015-12-07,137.0,-1.6534273860532485
2015-12-08,215.0,-3.2693161699168347
2015-12-09,640.0,-1.6121575958170908
2015-12-10,269.0,-1.2051711766053266
2015-12-11,0.0,
2015-12-12,85.0,-0.13278783457315999
2015-12-13,48.0,-0.3995076494785139
2015-12-14,118.0,-0.4375856816072365
2015-12-15,139.0,-0.7086904621524932
2015-12-16,133.0,-0.46555253695134147
2015-12-17,156.0,-0.3969399590270751
2015-12-18,112.0,-0.5382048593303544
2015-12-19,67.0,0.37084025293724304
2015-12-20,43.0,-0.2937896747264647
2015-12-21,186.0,0.425799573177361
2015-12-22,234.0,-0.6719530043392599
2015-12-23,238.0,-0.23792877787973168
2015-12-24,194.0,-0.3168622205178917
2015-12-25,90.0,0.15320489357391934
2015-12-26,58.0,-0.8406429027884331
2015-12-27,74.0,-1.2119671167114099
2015-12-28,184.0,-0.4947025420656167
2015-12-29,186.0,-0.551584950740637
2015-12-30,222.0,-0.20860597567005457
2015-12-31,162.0,-0.7058822272072649
2016-01-01,70.0,-0.7235896113255221
2016-01-02,84.0,-0.1810173550149727
2016-01-03,70.0,-0.3982823679539909
2016-01-04,196.0,0.30462446103171953
2016-01-05,142.0,-0.05764792680285102
2016-01-06,268.0,-0.23292603094067305
2016-01-07,218.0,-1.0498470636023272
2016-01-08,272.0,-1.3969393841921574
2016-01-09,66.0,-1.1434025432810027
2016-01-10,80.0,-0.27548967176025263
2016-01-11,294.0,-0.9830345271936245
2016-01-12,354.0,-1.488502164626263
2016-01-13,296.0,-0.9844430231833324
2016-01-14,362.0,-0.6131045226158268
2016-01-15,308.0,-2.3870603922425477
2016-01-16,118.0,-1.7223624311615517
2016-01-17,114.0,-1.3844771570738497
2016-01-18,212.0,-1.0775102625374156
2016-01-19,276.0,-0.2927398335554864
2016-01-20,368.0,-0.8621708938140421
2016-01-21,314.0,-0.622136749646923
2016-01-22,324.0,-0.05442378516859256
2016-01-23,108.0,-0.6718106592058606
2016-01-24,102.0,-1.1989606693307813
2016-01-25,286.0,0.3686233870704316
2016-01-26,222.0,0.07680804570111721
2016-01-27,216.0,-1.1496751616799559
2016-01-28,312.0,-0.6054562616914936
2016-01-29,226.0,-0.0380413114714162
2016-01-30,84.0,-1.106545101029317
2016-01-31,86.0,-1.3048217351655635
2016-02-01,266.0,-1.2190497515298155
2016-02-02,398.0,-1.9049683843000806
2016-02-03,266.0,-0.5107573826693089
2016-02-04,270.0,-0.9075795376009368
2016-02-05,210.0,-0.11503421620018764
2016-02-06,74.0,-0.788223867275744
2016-02-07,96.0,-0.005596824700623652
2016-02-08,196.0,0.2718130579634501
2016-02-09,258.0,-0.21635635726150068
2016-02-10,212.0,-0.39974549126758313
2016-02-11,206.0,-0.1051881357005084
2016-02-12,224.0,-0.7967981256400785
2016-02-13,62.0,-1.0210972698522003
2016-02-14,70.0,-1.471301987077997
2016-02-15,192.0,-0.9828591510973897
2016-02-16,338.0,-0.1778345005607295
2016-02-17,412.0,-0.693633903351163
2016-02-18,922.0,-2.9513412385410454
2016-02-19,492.0,-1.8690795403789349
2016-05-02,4182.0,-0.8886786722768617
2016-05-03,2496.0,-0.8777305282166273
2016-05-04,1185.0,-0.8073210310887362
2016-05-05,1503.0,-0.7274532807163284
2016-05-06,1242.0,-0.7221964460408415
2016-05-07,570.0,-2.3566917482295984
2016-05-08,384.0,-0.8310774630007994
2016-05-09,615.0,-1.2806683337099993
2016-05-10,609.0,0.06852738191583238
2016-05-11,639.0,0.6675279079227191
2016-05-12,507.0,0.32801985093160474
2016-05-13,447.0,-0.5800436256107918
2016-05-14,216.0,-0.39194718698626374
2016-05-15,165.0,-0.23866255471467776
2016-05-16,318.0,-0.17719221460708615
2016-05-17,522.0,0.40296749917528923
2016-05-18,864.0,-0.889711299615483
2016-05-19,612.0,-0.9597328301058808
2016-05-20,525.0,-0.8970052942962223
2016-05-21,216.0,0.2637546342172602
2016-05-22,213.0,-0.39629554739488493
2016-05-23,450.0,-0.13745079875749686
2016-05-24,537.0,-0.5562428193717419
2016-05-25,558.0,-0.6163376713111087
2016-05-26,558.0,-1.355401946451292
2016-05-27,477.0,-0.8665526857351937
2016-05-28,171.0,-0.34197024396970466
2016-05-29,318.0,-0.1833242701164723
2016-05-30,864.0,-0.830927547164432
2016-05-31,1047.0,-1.4340039462627674
2016-06-01,741.0,-1.554339057381254
2016-06-02,501.0,-1.5680805167545402
2016-06-03,444.0,-1.0840511335223273
2016-06-04,276.0,-1.6141575354909354
2016-06-05,198.0,-0.2401956413566593
2016-06-06,858.0,-2.382018598571982
2016-06-07,681.0,-1.2080808195099304
2016-06-08,540.0,-0.8889162913946349
2016-06-09,762.0,-1.9227807001179156
2016-06-10,669.0,-2.8808002603022254
2016-06-11,174.0,-0.8195254156433985
2016-06-12,132.0,-0.8215313551067105
2016-06-13,756.0,-0.5367290801790726
2016-06-14,1041.0,-0.5921652128542811
2016-06-15,675.0,-0.685263099200993
2016-06-16,615.0,-0.2538744930964983
2016-06-17,660.0,-0.9958765629206957
2016-06-18,423.0,-2.20167413130062
2016-06-19,216.0,-0.903653985282714
2016-06-20,573.0,-0.7633389313947013
2016-06-21,591.0,-0.26688329291646307
2016-06-22,465.0,-1.0235642947392292
2016-06-23,780.0,-0.4607221484380893
2016-06-24,942.0,0.1924814795891571
2016-06-25,252.0,-0.7805609269390743
2016-06-26,174.0,-0.4925753330835396
2016-06-27,519.0,-0.3671380782709871
2016-06-28,582.0,-0.46351429759350055
2016-06-29,510.0,-0.1837629203615352
2016-06-30,381.0,0.4356659736413632
2016-07-01,360.0,-0.6445661125613846
2016-07-02,43.0,-0.9567381553061416
2016-07-03,46.0,-1.0113562105246208
2016-07-04,144.0,0.4912642762523316
2016-07-05,143.0,-0.7370890202770471
2016-07-06,159.0,-0.6140310945542576
2016-07-07,151.0,-0.05158121075597868
2016-07-08,143.0,0.0973509746357417
2016-07-09,82.0,0.6642545379510563
2016-07-10,61.0,0.5269547005537086
2016-07-11,175.0,-0.5032203498420259
2016-07-12,200.0,-0.02362494140555544
2016-07-13,155.0,-0.03993308750271955
2016-09-11,111.0,-0.19958209206216143
2016-09-12,200.0,-1.0149037958038845
2016-09-13,189.0,-0.42966536553197465
2016-09-14,160.0,-0.39342704279443275
2016-09-15,200.0,-0.5163332777382624
2016-09-16,142.0,-0.4789705687333896
2016-09-17,67.0,-0.9287558052127795
2016-09-18,60.0,-0.45864232813845934
2016-09-19,145.0,-0.8927890996257355
2016-09-20,203.0,-1.5068042113992701
2016-09-21,178.0,-1.5592109980644187
2016-09-22,203.0,-1.5863193750761146
2016-09-23,188.0,-1.0433191460958688
2016-09-24,66.0,-1.097595946742959
2016-09-25,58.0,-0.3095421550030096
2016-09-26,140.0,0.5937152475172451
2016-09-27,176.0,-0.3558292798139757
2016-09-28,222.0,-1.6618577287350915
2016-09-29,213.0,-1.1439636185810866
2016-09-30,196.0,0.0726619551318528
2016-10-01,77.0,-0.41468349605322435
2016-10-02,111.0,0.00705165202694264
2016-10-03,154.0,-0.32301069597993026
2016-10-04,241.0,-1.2392929065390508
2016-10-05,162.0,-0.9302776194335118
2016-10-06,148.0,-1.540175741518076
2016-10-07,147.0,-1.9210731793403393
2016-10-08,55.0,-1.9887774661970254
2016-10-09,66.0,-0.47053519789623205
2016-10-10,110.0,-0.6231343417628873
2016-10-11,144.0,-0.2897663461394043
2016-10-12,123.0,-0.03708866626984044
2016-10-13,162.0,-0.7098021074985411
2016-10-14,127.0,-0.9483646893259359
2016-10-15,58.0,-0.2670683080493935
2016-10-16,59.0,-0.8582400483855721
2016-10-17,127.0,-0.6270935718661886
2016-10-18,164.0,-0.2626193314363779
2016-10-19,126.0,0.2656378131812912
2016-10-20,158.0,-0.08600542530721444
2016-10-21,129.0,0.2827823078480049
2016-10-22,154.0,-3.835977285123235
2016-10-23,111.0,-3.621004389593734
2016-10-24,194.0,-0.28489713355400537
2016-10-25,156.0,-0.6240569834376823
2016-10-26,164.0,-1.2576786393999086
2016-10-27,244.0,0.5724123948546255
2016-10-28,193.0,-0.5521988045571957
2016-10-29,176.0,-0.3552377983204347
2016-10-30,90.0,-0.5526693898906138
2016-10-31,216.0,-0.5393005467716893
2016-11-01,169.0,-0.4856498129618544
2016-11-02,186.0,0.08072500885345041
2016-11-03,137.0,-0.7845441931580528
2016-11-04,130.0,-0.46586929542710065
2016-11-05,51.0,-0.5115295411734012
2016-11-06,60.0,-0.48477087504374655
2016-11-07,150.0,0.09486250231811973
2016-11-08,179.0,-0.4323761558269051
2016-11-09,200.0,-0.4773162367679272
2016-11-10,216.0,-0.7809393422184135
2016-11-11,148.0,-0.7311673249710996
2016-11-12,52.0,-0.2951742901094575
2016-11-13,68.0,0.007878428575477684
2016-11-14,109.0,-0.6511457996064582
2016-11-15,158.0,-0.3041363158802642
2016-11-16,220.0,0.6243221552846505
2016-11-17,147.0,0.09206981160442369
2016-11-18,151.0,-0.21824601618609502
2016-11-19,61.0,-0.7867666001582317
2016-11-20,56.0,0.49019397162627054
2016-11-21,136.0,-0.9300762735089199
2016-11-22,176.0,-0.51893181866242
2016-11-23,336.0,-0.313755477769211
2016-11-24,196.0,-0.8626802715417764
2016-11-25,256.0,-0.21918133958893574
2016-11-26,150.0,-0.2423027938419744
2016-11-27,162.0,-0.5272214759004559
2016-11-28,544.0,-1.7529157583947745
2016-11-29,706.0,-1.380019093496452
2016-11-30,374.0,-1.4174239288522938
2016-12-01,594.0,-1.2098219822707938
2016-12-02,338.0,-1.319919449466035
2016-12-03,186.0,-0.6472533168454278
2016-12-04,150.0,-0.36871541203306923
2016-12-05,519.0,-1.5472621298730922
2016-12-06,612.0,-1.7264580037269361
2016-12-07,618.0,-0.6057006020609795
2016-12-08,876.0,-0.48052991715730353
2016-12-09,693.0,-0.8129146460225872
2016-12-10,519.0,-1.0090022446504936
2016-12-11,471.0,-0.7007619523661991
2016-12-12,477.0,-1.19557896608996
2016-12-13,735.0,-1.959278285118704
2016-12-14,480.0,-1.1223974600131816
2016-12-15,546.0,-1.8418979903956993
2016-12-16,816.0,-0.30383607960990267
2016-12-17,2223.0,1.655145676149993
2016-12-18,210.0,-1.1678846940859147
2016-12-19,459.0,-0.5554462748005867
2016-12-20,537.0,-1.0695915967999474
2016-12-21,657.0,-0.8014309278856255
2016-12-22,588.0,-0.48752836193094573
2016-12-23,540.0,-0.31473039457009006
2016-12-24,225.0,-1.0214543369006306
2016-12-25,195.0,-0.8332069567626871
2016-12-26,291.0,-0.5746981949286617
2016-12-27,465.0,-0.640971342387704
2016-12-28,624.0,-1.0083633895804478
2016-12-29,540.0,-1.5071050142445903
2016-12-30,408.0,-1.1111897834818425
2016-12-31,471.0,-0.9246798185113964
2017-01-01,960.0,-1.2526124417743387
2017-01-02,762.0,-0.7743148212527793
2017-01-03,1020.0,-1.0450535586694296
2017-01-04,1056.0,-1.292546811214227
2017-01-05,1086.0,-0.9940837743544517
2017-01-06,1056.0,-1.2396724966938804
2017-01-07,441.0,-1.6288382747083872
2017-01-08,297.0,-0.7632420782244633
2017-01-09,1002.0,-1.8295903605542458
2017-01-10,768.0,-1.665179899383654
2017-01-11,882.0,-1.1339777557210926
2017-01-12,936.0,-1.2252430983803018
2017-01-13,723.0,-1.2382106704962224
2017-01-14,297.0,-1.8091524267010586
2017-01-15,384.0,-1.500289868156863
2017-01-16,642.0,-1.3648378943241724
2017-01-17,876.0,-1.5722105478992492
2017-01-18,792.0,-1.4136542028722205
2017-01-19,768.0,-0.7598567554429151
2017-01-20,507.0,-0.8168286963887251
2017-01-21,234.0,-0.3766043706000752
2017-01-22,195.0,-0.5565523201219966
2017-01-23,424.0,-1.2749002518986225
2017-01-24,534.0,-0.728353891006588
2017-01-25,430.0,-1.039657104885461
2017-01-26,426.0,-0.29777567793246734
2017-01-27,486.0,-1.4068446979185345
2017-01-28,178.0,-1.095970565513846
2017-01-29,204.0,-1.2261931317831252
2017-01-30,448.0,-1.3914191526865178
2017-01-31,476.0,-1.3484687104860729
2017-02-01,330.0,-1.182980573989211
2017-02-02,426.0,-0.4875100170302349
2017-02-03,352.0,-0.7228919123712649
2017-02-11,280.0,-1.2924010183823351
2017-02-12,152.0,-0.9907352883173296
2017-02-13,384.0,-1.605794252051208
2017-02-14,430.0,-1.2460060492954612
2017-02-15,404.0,-0.5876667480546998
2017-02-16,370.0,-1.518721803751088
2017-02-17,284.0,-0.22963268802655024
2017-02-18,158.0,-0.36768743572195034
2017-02-19,98.0,-0.607558638978217
2017-02-20,328.0,-0.49683380401430327
2017-02-21,368.0,-0.33358200483036593
2017-02-22,356.0,-0.1861879751343346
2017-02-23,340.0,0.22449334346787816
2017-02-24,514.0,-0.37337427316280275
2017-02-25,142.0,-1.1126534365155567
2017-02-26,188.0,-0.4428491958969411
2017-02-27,378.0,-0.02174796571327006
2017-02-28,538.0,-1.032570531756514
2017-03-01,416.0,0.052904861692770415
2017-03-02,424.0,-0.01892907193241719
2017-03-03,734.0,-0.14817520392787348
2017-03-04,264.0,-0.7822937600233515
2017-03-05,182.0,-1.0903248919442785
2017-03-06,514.0,-1.0780991961639252
2017-03-07,344.0,-0.4269903669539667
2017-03-08,438.0,-1.067856609418397
2017-03-09,334.0,0.037617407745093305
2017-03-10,482.0,-1.5015846409585871
2017-03-11,388.0,-1.0830472244785792
2017-03-12,176.0,-0.9351157204333757
2017-03-13,524.0,-0.6909132552438586
2017-03-14,470.0,-0.19760466119829867
2017-03-15,430.0,-1.2560872573598136
2017-03-16,372.0,-1.0230704816904466
2017-03-17,360.0,-1.0286296421900005
2017-03-18,206.0,-0.5382548038825313
2017-03-19,178.0,-0.9511237599063896
2017-03-20,428.0,-0.5502786782697798
2017-03-21,382.0,-0.6032256861986718
2017-03-22,562.0,-1.9415030824047135
2017-03-23,510.0,-2.254965444629037
2017-03-24,376.0,-1.895420004348124
2017-03-25,152.0,-2.0638073592986705
2017-03-26,476.0,-5.5303676153499035
2017-03-27,352.0,-1.3918648352527718
2017-03-28,322.0,-0.7787605233726081
2017-03-29,280.0,-1.0540943669722556
2017-03-30,352.0,-0.5071236671780219
2017-03-31,260.0,-0.4369342702101453
2017-04-01,114.0,-1.1550396246938543
2017-04-02,176.0,-1.5208616873681735
2017-04-03,398.0,-1.2529803766726195
2017-04-04,344.0,-0.6672027045272995
2017-04-05,422.0,-0.43372387851384764
2017-04-06,354.0,0.23217443984136105
2017-04-07,262.0,-0.42234176087277925
2017-04-08,132.0,-1.5169918493792915
2017-04-09,124.0,-0.9478517857401547
2017-04-10,356.0,-0.5972338530489482
2017-04-11,348.0,-1.2563959916092378
2017-04-12,414.0,-0.8394267023007411
2017-04-13,211.0,-1.1373377374827425
2017-04-14,118.0,-1.752610319581563
2017-04-15,69.0,-0.7434163010168546
2017-04-16,53.0,-0.7517518748373643
2017-04-17,117.0,-2.251701453647886
2017-04-18,137.0,-2.0110175516324946
2017-04-19,143.0,-1.6917858772237455
2017-04-20,140.0,-0.4461716374127646
2017-04-21,181.0,-2.168591909661134
2017-04-22,126.0,-2.141651384942267
2017-04-23,76.0,-1.4142475120636475
2017-04-24,221.0,-3.204838955302206
2017-04-25,165.0,-1.477384311270618
2017-04-26,180.0,-0.08347097876441985
2017-06-20,687.0,-0.6208078657454055
2017-06-21,684.0,-0.19791103100678828
2017-06-22,1341.0,-0.8671452392752224
2017-06-23,576.0,-0.30032793753430864
2017-06-24,258.0,-1.065563141710614
2017-06-25,192.0,-1.6116241097538213
2017-06-26,633.0,-0.09729299220243749
2017-06-27,2343.0,-3.622518858041708
2017-06-28,3945.0,-4.107886805275517
2017-06-29,1695.0,-3.1579158851552185
2017-06-30,1125.0,-3.4833656440615903
2017-07-01,531.0,-1.3883756928802389
2017-07-02,420.0,-1.0076969929910047
2017-07-03,822.0,-1.02948893806609
2017-07-04,546.0,-0.6364766327119362
2017-07-05,945.0,-3.303112119688002
2017-07-06,837.0,-2.592464387470408
2017-07-07,753.0,-1.229932216829843
2017-07-08,315.0,-1.2237643994882141
2017-07-09,234.0,-2.154173723899998
2017-07-10,708.0,-2.264476920388903
2017-07-11,1377.0,-3.469447319118009
2017-07-12,957.0,-0.46084516097690764
2017-07-13,774.0,-0.7462555709581974
2017-07-14,891.0,-1.5573956824883328
2017-07-15,357.0,-1.5269732122646753
2017-07-16,372.0,-1.139570600615131
2017-07-17,630.0,-0.6106827276226712
2017-07-18,654.0,-0.7728968273240127
2017-07-19,705.0,-0.6678512018186119
2017-07-20,1029.0,-1.8726122883702385
2017-07-21,870.0,-1.5760988317816325
2017-07-22,579.0,-0.6323363506978655
2017-07-23,504.0,-0.48282553862723365
2017-07-24,2088.0,-0.9076922562332062
2017-07-25,1155.0,-0.3194271542238674
2017-07-26,1398.0,-1.3472812130056944
2017-07-27,1404.0,-1.986944053666191
2017-07-28,990.0,-1.7118439866616564
2017-07-29,525.0,-1.156378724579146
2017-07-30,342.0,-0.6107949222787111
2017-07-31,774.0,-0.5173584118552912
2017-08-01,1221.0,-0.4354192801385669
2017-08-02,1233.0,-0.35386601803398093
2017-08-03,1011.0,-1.3996533565484857
2017-08-04,972.0,-2.1444653591647644
2017-08-05,474.0,-2.0159488874800062
2017-08-06,390.0,-2.0912342682338565
2017-08-07,1029.0,-1.2462448288895969
2017-08-08,1038.0,-0.822397590535277
2017-08-09,978.0,-0.48017270146161894
2017-08-10,861.0,-0.29175152009895244
2017-08-11,879.0,-0.549075695011706
2017-08-12,339.0,-0.7657542309735282
2017-08-13,285.0,-0.8556437042366736
2017-08-14,1056.0,-0.5628086704511692
2017-08-15,951.0,-0.125238166533703
2017-08-16,1095.0,-0.16479406787674925
2017-08-17,1401.0,-0.5418135514042767
2017-08-18,879.0,-0.6667730538417198
2017-08-19,435.0,-0.9705970257850483
2017-08-20,354.0,-0.489608461424071
2017-08-21,924.0,-0.2176561748780784
2017-08-22,1143.0,-0.18481818356650528
2017-08-23,849.0,-0.1411310002784725
2017-08-24,948.0,-0.5509592031670171
2017-08-25,774.0,-0.9870320253988729
2017-08-26,342.0,-0.5150234303262569
2017-08-27,237.0,0.0590613365418009
2017-08-28,687.0,0.17683755836860074
2017-08-29,966.0,0.10663925627705535
2017-08-30,1077.0,-0.07732357988208913
2017-08-31,951.0,-0.4813206563088801
2017-09-01,975.0,0.04345087283704862
2017-09-02,678.0,-0.8879969201284573
2017-09-03,561.0,-0.799827289400555
2017-09-04,1245.0,-0.6774168101756017
2017-09-05,1671.0,-1.3368752946808706
2017-09-06,1509.0,-0.008087384148937574
2017-09-07,1158.0,-0.4114853114392511
2017-09-08,1290.0,-1.0871949647423975
2017-09-09,630.0,-0.974656878313025
2017-09-10,429.0,-1.040574020892773
2017-09-11,1455.0,-1.3320219048225874
2017-09-12,2004.0,-1.625350126305106
2017-09-13,2241.0,-1.5750407905447559
2017-09-14,1884.0,-1.479790019333554
2017-09-15,2352.0,-1.7187649028301886
2017-09-16,756.0,-1.5258967549343425
2017-09-17,804.0,-1.1215706050503977
2017-09-18,1662.0,-0.6339833110892501
2017-09-19,1956.0,-1.7641673330443557
2017-09-20,1245.0,-0.8714500210074587
2017-09-21,1272.0,-0.25916451031206195
2017-09-22,1170.0,-1.4271975754896102
2017-09-23,582.0,-0.5987889878732
2017-09-24,477.0,0.10987374823405713
2017-09-25,1071.0,-0.7440521855377766
2017-09-26,1257.0,-0.6236891122590146
2017-09-27,1524.0,-0.5702772260979344
2017-09-28,1473.0,-0.25648514485455776
2017-09-29,1908.0,-2.2815693285840917
2017-09-30,741.0,-1.445428755076653
2017-10-01,600.0,-1.5932628234381376
2017-10-02,1134.0,-0.750701333112572
2017-10-03,1338.0,0.05790673468286099
2017-10-04,1446.0,-1.6023372177320572
2017-10-05,1032.0,-0.5319433911725706
2017-10-06,1215.0,-0.39994086800438006
2017-10-07,573.0,-0.3571909974354943
2017-10-08,453.0,0.03267892043424564
2017-10-09,954.0,-0.27692237008051657
2017-10-10,1422.0,-0.7046519708626564
2017-10-11,1620.0,-1.3328047111950425
2017-10-12,1707.0,-0.6381064824861613
2017-10-13,2160.0,-0.3834606542621685
2017-10-14,531.0,-0.0001708250285444725
2017-10-15,570.0,-0.576489444607611
2017-10-16,1386.0,-0.42089604665808217
2017-10-17,1662.0,-1.1354942102623464
2017-10-18,1554.0,-0.9325552733599767
2017-10-28,157.0,-0.49483376089679937
2017-10-29,197.0,-0.8798888404290788
2017-10-30,440.0,-0.6592943276978431
2017-10-31,604.0,-0.5151131860839363
2017-11-01,693.0,-0.2827081492706267
2017-11-02,545.0,-0.6413935960661171
2017-11-03,522.0,-0.8081122979771256
2017-11-04,299.0,-1.4935147297094316
2017-11-05,199.0,-0.5794843527707502
2017-11-06,538.0,-0.39719355733653544
2017-11-07,1620.0,-0.189039022862912
2017-11-08,1968.0,-0.7818262100573508
2017-11-09,1734.0,-0.7408381075440518
2017-11-10,1293.0,-0.860088746099794
2017-11-11,540.0,-0.7835874462142404
2017-11-12,390.0,-0.9325243871211187
2017-11-13,2013.0,-1.4301464953230616
2017-11-14,1506.0,-0.35225791367575265
2017-11-15,1950.0,-0.6973155269556167
2017-11-16,1704.0,-0.32296884385010743
2017-11-17,1815.0,-0.7206369250140814
2017-11-18,591.0,-0.7940140227366302
2017-11-19,558.0,-0.49268134050527584
2017-11-20,1833.0,-0.1802010086861358
2017-11-21,2019.0,-0.2446380726973977
2017-11-22,2142.0,-0.8531902161889727
2017-11-23,1461.0,0.14742043255815304
2017-11-24,1035.0,-0.0019457874939107413
2017-11-25,537.0,-0.21225641486562882
2017-11-26,1302.0,-0.2757252300053797
2017-11-27,2865.0,-0.31638176978728155
2017-11-28,3075.0,-0.5254982880578924
2017-11-29,5535.0,-0.6871947307583728
2017-11-30,4380.0,-0.8465859252485209
2017-12-01,3882.0,-1.0328448498919518
2017-12-02,1752.0,-1.033634604776167
2017-12-03,1452.0,-0.8724074497728718
2017-12-04,4377.0,-1.0078071312680759
2017-12-05,3093.0,-0.7755239899154522
2017-12-06,4587.0,-1.4264536151561558
2017-12-07,6912.0,-1.3270469480707785
2017-12-08,6966.0,-1.1735804566003392
2017-12-09,2046.0,-1.0786200621441764
2017-12-10,2151.0,-0.8768262045448809
2017-12-11,8070.0,-0.9192266888794938
2017-12-12,5907.0,-0.6682892517606959
2017-12-13,6666.0,-1.198967033365209
2017-12-14,4551.0,-1.0448440818182174
2017-12-15,6009.0,-1.838750525998004
2017-12-16,1893.0,-1.4771221200354767
2017-12-17,1458.0,-0.9253123314682644
2017-12-18,4077.0,-0.7506129817002167
2017-12-19,5730.0,-2.099733489059403
2017-12-20,5088.0,-1.6181944130239465
2017-12-21,4650.0,-0.9911454340029492
2017-12-22,6033.0,-1.1754112731266608
2017-12-23,2334.0,-1.280017142864537
2017-12-24,1590.0,-1.3216979245796685
2017-12-25,1260.0,-1.0630183077626953
2017-12-26,3000.0,-0.8203833116438264
2017-12-27,3801.0,-0.7550280662416852
2017-12-28,4881.0,-1.355279259416948
2017-12-29,4251.0,-1.47107302452394
2017-12-30,1680.0,-1.2526247730263327
2017-12-31,1254.0,-1.1612507471216684
2018-01-01,1476.0,-1.0726223902167566
2018-01-02,3921.0,-0.8616437221042395
2018-01-03,4053.0,-0.5162189577164737
2018-01-04,3780.0,-0.814414194739976
2018-01-05,2898.0,-0.6908870746579782
2018-01-06,1536.0,-0.9398129847643619
2018-03-17,646.0,-1.0021337937881825
2018-03-18,630.0,-0.8309674871595031
2018-03-19,2622.0,-1.5374541815723883
2018-03-20,2094.0,-1.4379993835740825
2018-03-21,1832.0,-0.8915644776970177
2018-03-22,2006.0,-0.7707714452866635
2018-03-23,2362.0,-1.3385470669482897
2018-03-24,656.0,-0.7859287218672834
2018-03-25,532.0,-0.7271644332641393
2018-03-26,1586.0,-1.2768080052891928
2018-03-27,1792.0,-0.9894024320088537
2018-03-28,2014.0,-0.8889610242972477
2018-03-29,1828.0,-0.8388914698673527
2018-03-30,1108.0,-0.8391226584063189
2018-03-31,644.0,-0.7853511856244018
2018-04-01,562.0,-1.7097258871898091
2018-04-02,1172.0,-0.9688026975022159
2018-04-03,1740.0,-1.3909280794967063
2018-04-04,1496.0,-0.9838932870109356
2018-04-05,1716.0,-0.9977753919838339
2018-04-06,1828.0,-1.379751445464854
2018-04-07,700.0,-1.1146310329959335
2018-04-08,648.0,-1.1852000006161072
2018-04-09,1590.0,-0.6150978046050194
2018-04-10,1670.0,-1.395019784882746
2018-04-11,1396.0,-0.4522148769443061
2018-04-12,1766.0,-0.9060421938354672
2018-04-13,1844.0,-1.383170836702398
2018-04-14,714.0,-1.0374406980288131
2018-04-15,624.0,-0.7942362709045132
2018-04-16,1184.0,-0.49793167770493685
2018-04-17,1956.0,-1.0018927100576336
2018-04-18,2340.0,-1.2940287885155282
2018-04-19,1922.0,-1.047565115227131
2018-04-20,1468.0,-0.6471923618050874
2018-04-21,778.0,-0.9371616323833577
2018-04-22,680.0,-0.7180470151261702
2018-04-23,1616.0,-1.5498627681499197
2018-04-24,1968.0,-0.5258968224951724
2018-04-25,1814.0,-0.5385977587040565
2018-04-26,1566.0,-0.05355662455243902
2018-04-27,1190.0,-0.31433798842216876
2018-04-28,688.0,-0.19122212852521325
2018-04-29,508.0,-0.17544300490191442
2018-04-30,1228.0,-0.2685248173757002
2018-05-01,1346.0,-0.2578620380719605
2018-05-02,1278.0,-0.22242080443811876
2018-05-03,1316.0,0.23809193656888303
2018-05-04,1254.0,-0.22917084111585193
2018-05-05,826.0,-0.37783271292521636
2018-05-06,690.0,-0.3463547715039092
2018-05-07,1384.0,-0.3380679107441434
2018-05-08,1486.0,-0.23193497197224539
2018-05-09,1390.0,0.17981215159257474
2018-05-10,1318.0,0.43877241729493566
2018-05-11,1540.0,-0.5241619712299093
2018-05-12,776.0,-0.45717779652119894
2018-05-13,610.0,0.010435569312266918
2018-05-14,1674.0,-0.20389930961516772
2018-05-15,1528.0,-0.30420803429562376
2018-05-16,1768.0,0.08153400429123903
2018-06-18,773.0,-0.1607341248271985
2018-06-19,803.0,-0.2809129558060699
2018-06-20,1055.0,-1.7712357343926068
2018-06-21,728.0,-0.05920763704296601
2018-06-22,900.0,-0.7390739651737185
2018-06-23,339.0,-0.9606166037140393
2018-06-24,307.0,-0.5860028899652315
2018-06-25,765.0,-0.7035250080471518
2018-06-26,839.0,-0.30474064321885286
2018-06-27,800.0,-0.8295933919759781
2018-06-28,976.0,-0.9836174492781772
2018-06-29,1026.0,-1.0248437510628907
2018-06-30,336.0,-0.739874446286669
2018-07-01,321.0,0.11220009421577777
2018-07-02,577.0,0.35804478297993514
2018-07-03,625.0,-0.07765374935164386
2018-07-04,467.0,-0.6007787736113527
2018-07-05,603.0,-0.41891248396805825
2018-07-06,617.0,-0.40642889021118495
2018-07-07,319.0,-0.13050128234349373
2018-07-08,253.0,-0.08896565943150923
2018-07-09,553.0,-0.03660930769178414
2018-07-10,578.0,-0.3107899600226983
2018-07-11,737.0,0.01715838200470822
2018-07-12,690.0,0.06764561718527255
2018-07-13,763.0,-1.3794815838236214
2018-07-14,406.0,-2.288665485005478
2018-07-15,175.0,-1.0035199154778962
2018-07-16,657.0,-0.8444932836209179
2018-07-17,618.0,-0.6568975861851263
2018-07-18,573.0,-0.246729392615151
2018-07-19,566.0,-0.3471335612173555
2018-07-20,516.0,-0.45154767915048183
2018-07-21,235.0,-0.24374543657143233
2018-07-22,208.0,-0.5001706408078517
2018-07-23,435.0,-0.2580262738879636
2018-07-24,632.0,-0.23237696774365948
2018-07-25,663.0,-0.46120687012726386
2018-07-26,665.0,-0.6936869760083426
2018-07-27,485.0,-0.5252048682321288
2018-07-28,347.0,0.14179583130318119
2018-07-29,190.0,-0.40943043497026677
2018-07-30,639.0,-1.0786033832329536
2018-07-31,808.0,-1.6619472833682376
2018-08-01,626.0,-0.37851853245579814
2018-08-02,617.0,-0.34236691724473445
2018-08-03,658.0,0.10817928707986073
2018-08-04,347.0,0.3597711197520352
2018-08-05,323.0,0.7176295939888301
2018-08-06,556.0,0.09039951083266207
2018-08-07,678.0,0.3308173717445007
2018-08-08,549.0,0.17328935199928674
2018-08-09,695.0,0.5030151444786153
2018-08-10,663.0,0.04554078214004626
2018-08-11,314.0,-0.34742529545350004
2018-08-12,245.0,0.08096311452156303
2018-08-13,502.0,-0.1790538902980428
2018-08-14,600.0,-0.20707424412468078
2018-08-15,458.0,-0.6230197626713037
2018-08-16,489.0,-0.1989850641055933
2018-08-17,408.0,-0.27246449961810965
2018-08-18,297.0,-1.6456802618732878
2018-08-19,261.0,-2.6308187526723126
2018-08-20,646.0,-2.209136298141023
2018-08-21,579.0,-1.8299030909103426
2018-08-22,515.0,-1.0980170564071314
2018-08-23,524.0,-1.06995033342858
2018-08-24,402.0,-0.7901348917697898
2018-10-30,878.0,0.008306990851844474
2018-10-31,1038.0,-0.3045823083621692
2018-11-01,890.0,0.020076846123277137
2018-11-02,824.0,0.38824770623781385
2018-11-03,492.0,-1.5054141349010015
2018-11-04,314.0,-0.30740633238009685
2018-11-05,678.0,0.13267281988267882
2018-11-06,846.0,-0.23349550203787137
2018-11-07,712.0,0.034096215651499555
2018-11-08,906.0,0.17877844084600084
2018-11-09,774.0,-0.7914299567089706
2018-11-10,344.0,-0.8378971639911207
2018-11-11,292.0,-0.5012186501513349
2018-11-12,754.0,-0.27246022605156356
2018-11-13,1026.0,-0.8710577348111354
2018-11-14,1014.0,-0.7047799672530497
2018-11-15,928.0,-0.6413611102463558
2018-11-16,1136.0,-1.5698888383939233
2018-11-17,438.0,-0.6719910980941337
2018-11-18,310.0,-0.8357690687563024
2018-11-19,974.0,-1.6102268711649006
2018-11-20,1068.0,-1.2629942855548466
2018-11-21,910.0,-1.3317447169939336
2018-11-22,700.0,-0.6404246101340815
2018-11-23,652.0,-1.3465624892030572
2018-11-24,410.0,-0.7237220199126113
2018-11-25,362.0,-0.7080261842432868
2018-11-26,1162.0,-1.0496776295525643
2018-11-27,1094.0,-0.8802969093778457
2018-11-28,1146.0,-1.7437814722344351
2018-11-29,992.0,-1.6126017226392864
2018-11-30,856.0,-1.1690968684619873
2018-12-01,414.0,-0.665122203306867
2018-12-02,272.0,-0.3949691647227769
2018-12-03,730.0,-0.31561496462355687
2018-12-04,742.0,-0.45577590168617593
2018-12-05,712.0,-0.07187682866029357
2018-12-06,720.0,-0.29115515945562503
2018-12-07,872.0,-1.1254765031400675
2018-12-08,298.0,-0.6687095428806257
2018-12-09,280.0,-0.2205217492381879
2018-12-10,560.0,-0.30540233598273586
2018-12-11,632.0,-0.02218779184426946
2018-12-12,756.0,-0.5256995407262417
2018-12-13,1450.0,-2.8444972232321506
2018-12-14,2106.0,-3.9229038819014015
2018-12-15,442.0,-2.510436159053973
2018-12-16,328.0,-0.7352362739257573
2018-12-17,624.0,-1.2107013297528912
2018-12-18,626.0,-0.25616481480737574
2018-12-19,740.0,-0.34845636230926685
2018-12-20,728.0,-0.626053914612347
2018-12-21,748.0,-0.5558824506390774
2018-12-22,332.0,-0.41346701479847153
2018-12-23,248.0,-0.31654511622263276
2018-12-24,498.0,-0.01992834789721554
2018-12-25,198.0,-0.7531874138261022
2018-12-26,458.0,-1.3252353611311456
2018-12-27,628.0,-1.8954235549439322
2018-12-28,688.0,-1.5921797271890505
2018-12-29,310.0,-1.1067530353309383
2018-12-30,116.0,-0.9037192526648203
2018-12-31,251.0,-0.31680529570465626
2019-01-01,164.0,-1.0403854216772364
2019-01-02,283.0,-1.025347078426699
2019-01-03,352.0,-1.1872964891092275
2019-01-04,293.0,-0.8623205721378808
2019-01-05,140.0,-1.0109403491079914
2019-01-06,114.0,-0.5274141408705675
2019-01-07,278.0,-0.1863951296218211
2019-01-08,394.0,-0.2963870600619856
2019-01-09,493.0,-1.4726090132403828
2019-01-10,331.0,-1.0580107575118287
2019-01-11,300.0,-0.7442296189204568
2019-01-12,187.0,-0.6225825601299748
2019-01-13,129.0,-0.8245641305153505
2019-01-14,335.0,-0.5678368923422238
2019-01-15,393.0,-0.3946357160971479
2019-01-16,342.0,-0.7745366834091589
2019-01-17,343.0,-0.8792583807767496
2019-03-04,912.0,-0.2299179693162121
2019-03-05,1005.0,-0.23634209741560655
2019-03-06,969.0,-0.07803292462424531
2019-03-07,1179.0,-0.032304650914402544
2019-03-08,1011.0,-0.979537515702777
2019-03-09,540.0,-1.2733096769543024
2019-03-10,357.0,-1.0642880872751697
2019-03-11,1194.0,-0.3217498794433047
2019-03-12,1230.0,-0.7608942342423914
2019-03-13,1068.0,-1.1177580113718244
2019-03-14,945.0,-0.8080547694213759
2019-03-15,1266.0,-1.992024902700492
2019-03-16,651.0,-2.0104178734339118
2019-03-17,630.0,-2.650451813223776
2019-03-18,954.0,-0.17526397563499863
2019-03-19,1206.0,-0.283251777324972
2019-03-20,1146.0,0.3962597002836081
2019-03-21,957.0,0.0780605918594601
2019-03-22,807.0,-0.150129568748825
2019-03-23,552.0,-1.760671466884341
2019-03-24,447.0,-0.6734256930772937
2019-03-25,825.0,-0.3319452362546792
2019-03-26,843.0,-0.3039938743889145
2019-03-27,1047.0,-0.6539783029867678
2019-03-28,894.0,-0.36897812488331055
2019-03-29,915.0,-1.0428308171777882
2019-03-30,537.0,-0.8991793615267663
2019-03-31,459.0,-0.589212240688287
2019-04-01,756.0,-0.12708857466796308
2019-04-02,1455.0,-0.183149936682044
2019-04-03,1284.0,-0.43997984472604396
2019-04-04,1137.0,-0.277839013100222
2019-04-05,858.0,-0.4380900404082492
2019-04-06,567.0,-0.638686042173234
2019-04-07,402.0,-0.6885134580852893
2019-04-08,846.0,-0.1330122075592492
2019-04-09,1290.0,-0.9353623918682321
2019-04-10,1143.0,-0.23139493315675544
2019-04-11,933.0,-0.3811252602926675
2019-04-12,957.0,-0.3956090479666643
2019-04-13,372.0,-0.5690968435632641
2019-04-14,339.0,-0.03318245880380008
2019-04-15,774.0,-0.33999929240811566
2019-04-16,981.0,-0.27150613436400944
2019-04-17,1194.0,-0.7263710506561808
2019-04-18,1167.0,-0.24912660167543996
2019-04-19,942.0,-0.6767501281985817
2019-04-20,462.0,-0.7946402637175228
2019-04-21,438.0,-0.9265376617025399
2019-04-22,714.0,-0.9100379149657665
2019-04-23,1023.0,-0.4685769022490627
2019-04-24,1182.0,0.0158994973982743
2019-04-25,804.0,-0.27660450829681604
2019-04-26,1056.0,-1.332606167011095
2019-04-27,498.0,-0.4849198187353893
2019-04-28,453.0,-0.6547364772864234
2019-04-29,1209.0,-0.2575122631395674
2019-04-30,972.0,-0.7340302846630019
2019-05-01,852.0,-1.277716722924912
2019-05-02,888.0,-0.13853523225980474
2019-05-03,1206.0,-2.3346718017662136
2019-05-04,600.0,-1.71713310198132
2019-05-05,315.0,-0.5336088860085997
2019-05-06,918.0,-0.074437551669953
2019-05-07,966.0,-0.2127814553608541
2019-05-08,1176.0,-1.9078694436350356
2019-05-09,933.0,-1.0068077470962888
2019-05-10,864.0,-1.1446485785740976
2019-05-11,450.0,-1.3513003186417696
2019-05-12,402.0,-1.0360524725751916
2019-05-13,1527.0,-1.216393286193832
2019-05-14,1653.0,-0.8093315282736117
2019-05-15,1176.0,-0.47477659442869063
2019-05-16,1050.0,-1.7539851936775637
2019-05-17,1206.0,-1.5873283190776906
2019-05-18,519.0,-0.8439611420010998
2019-05-19,474.0,-0.5045962521383993
2019-05-20,828.0,-0.3602224840578796
2019-05-21,1197.0,-0.9720564243843834
2019-05-22,993.0,-0.7048342671843547
2019-05-23,1014.0,-0.6394628952801846
2019-05-24,1029.0,-0.2789701115534176
2019-05-25,528.0,-0.6012715114096242
2019-05-26,420.0,-0.5857995289947202
2019-05-27,747.0,-0.5378828796480953
2019-05-28,1131.0,-0.41767867493444116
2019-05-29,930.0,0.05403021009116624
2019-05-30,957.0,-0.1293542739776183
2019-05-31,885.0,-0.7187072307250959
2019-06-01,384.0,-0.7668460136521791
2019-06-02,237.0,-0.7650905636893885
2019-06-03,876.0,0.1746608994948616
2019-06-04,963.0,-0.5122791979059648
2019-06-05,945.0,-1.57765945368585
2019-06-06,936.0,-0.6467165159703125
2019-06-07,651.0,-0.6260417200223777
2019-06-08,285.0,-1.049984826231247
2019-06-09,273.0,-0.7352835499661277
2019-06-10,786.0,-0.5765428162123735
2019-06-11,957.0,-0.3554050656987823
2019-06-12,801.0,-0.011383952089622548
2019-06-13,1068.0,-0.6427954392789732
2019-06-14,1134.0,-1.1016295672491738
2019-06-15,444.0,-0.803986471582347
2019-06-16,339.0,-0.056007389521683645
2019-06-17,1119.0,-0.8170569920380785
2019-06-18,3201.0,-0.412957694113215
2019-06-19,2352.0,-0.6633856995388159
2019-06-20,2136.0,-1.2572827999557645
2019-06-21,1650.0,-1.0170037077729854
2019-06-22,675.0,-1.1014785504679638
2019-06-23,486.0,-1.2014741811772542
2019-06-24,1401.0,-1.2379516607008139
2019-06-25,1944.0,-0.9701220709836978
2019-06-26,1893.0,-1.0510852374813
2019-06-27,1596.0,-1.003012515917137
2019-06-28,1227.0,-1.4609350373724477
2019-06-29,603.0,-0.38184700322120435
2019-06-30,549.0,-0.801848964544616
2019-07-01,1107.0,-1.5661048369096568
2019-07-02,1281.0,-1.133846501141059
2019-07-03,1299.0,-1.2516733223747054
2019-07-04,795.0,-1.1670052299301499
2019-07-05,885.0,-0.7115777033962803
2019-07-06,432.0,-0.824105114183284
2019-07-07,297.0,-1.1113379646033592
2019-07-08,984.0,-0.4625495426056188
2019-07-09,1134.0,-0.6577004215589687
2019-07-10,1083.0,-0.8304893507962026
2019-07-11,1170.0,-1.000732519826314
2019-07-12,1797.0,-2.026832262723614
2019-07-13,624.0,-1.6264063739079961
2019-07-14,450.0,-1.7385250130086343
2019-07-15,1599.0,-1.2484068553968473
2019-07-16,2514.0,-1.273217862449371
2019-07-17,2058.0,-1.493326700715927
2019-07-18,1776.0,-1.5130545734810081
2019-07-19,1104.0,-1.2074449119704758
2019-07-20,519.0,-0.748084526540956
2019-07-21,285.0,-0.8611390168145439
2019-07-22,1077.0,-1.2083926874289679
2019-07-23,1344.0,-0.9109462103214253
2019-07-24,1236.0,-1.0220210504109937
2019-09-28,600.0,-0.19084725357658122
2019-09-29,444.0,0.36018158019185254
2019-09-30,993.0,-0.22550338114957721
2019-10-01,1101.0,-0.5997561276438862
2019-10-02,1068.0,-0.795372748888683
2019-10-03,1182.0,-0.8938460819280756
2019-10-04,1263.0,-0.8497880224644757
2019-10-05,804.0,-1.018556910643776
2019-10-06,396.0,-0.3537807154719535
2019-10-07,738.0,-0.8732448510851629
2019-10-08,936.0,-0.6921049286138536
2019-10-09,1110.0,-0.8051952112781456
2019-10-10,987.0,-0.5071074378835088
2019-10-11,822.0,-1.0609128855455296
2019-10-12,651.0,-0.5007633688665235
2019-10-13,270.0,-1.1476168666242919
2019-10-14,900.0,-1.1305193673478962
2019-10-15,1050.0,-0.33795844159667454
2019-10-16,1464.0,-1.9424766409610243
2019-10-17,1284.0,-2.374472300446027
2019-10-18,1146.0,-1.6928375560643454
2019-10-19,564.0,-1.4215386865414295
2019-10-20,402.0,-1.2309822042541751
2019-10-21,798.0,-0.34675139326280563
2019-10-22,1077.0,-0.37378659353557886
2019-10-23,1713.0,-1.29183616126165
2019-10-24,1308.0,-1.2206673852195646
2019-10-25,1098.0,-1.9509953292978715
2019-10-26,435.0,-1.0143894997517335
2019-10-27,342.0,-0.9123611416609846
2019-10-28,1038.0,-0.3813651369992894
2019-10-29,1020.0,0.02811101418709728
2019-10-30,1098.0,-0.3291876138450931
2019-10-31,957.0,-0.5281734546280664
2019-11-01,921.0,-0.7764605280516479
2019-11-02,405.0,-0.3025527387434856
2019-11-03,429.0,-0.8896272988232276
2019-11-04,990.0,-0.9506417102506024
2019-11-05,1008.0,-0.6893818627728234
2019-11-06,1134.0,-0.676869083263665
2019-11-07,795.0,-0.46724857995070807
2019-11-08,984.0,-1.3830946366550445
2019-11-09,393.0,-0.6315504547576719
2019-11-10,279.0,-0.9343051034686372
2019-11-11,693.0,-0.36980427799873405
2019-11-12,972.0,0.4703625123218986
2019-11-13,984.0,-0.18266795623897203
2019-11-14,939.0,-0.40609401434699327
2019-11-15,1008.0,-0.884178648606808
2019-11-16,381.0,-1.0717873836038367
2019-11-17,243.0,-1.442860238827304
2019-11-18,714.0,-0.6843996716818339
2019-11-19,633.0,-0.18974283249637047
2019-11-20,954.0,-0.9640958161984665
2019-11-21,1023.0,-0.5095096011184295
2019-11-22,999.0,-1.2672254819333817
2019-11-23,393.0,-1.4857715968541985
2019-11-24,306.0,-1.0118036632003389
2019-11-25,723.0,-1.1230574560695283
2019-11-26,996.0,-0.6682599050925753
2019-11-27,864.0,-0.6971908674500621
2020-06-28,98.0,-0.4602432072952356
2020-06-29,282.0,-0.908939767106181
2020-06-30,420.0,-0.3477493806287835
2020-07-01,336.0,-0.49026449539857286
2020-07-02,294.0,-0.05724657503927968
2020-07-03,234.0,-1.4772581530925069
2020-07-04,130.0,-0.5081241676952684
2020-07-05,128.0,-0.32870780769415797
2020-07-06,348.0,-1.7086497589647696
2020-07-07,364.0,-0.5586864697085198
2020-07-08,358.0,-0.7981783739700936
2020-07-09,416.0,-0.8095311623844318
2020-07-10,308.0,-0.6781476139260668
2020-07-11,130.0,-1.019029129566404
2020-07-12,106.0,-0.9464671341635371
2020-07-13,252.0,-0.6820822083547448
2020-07-14,348.0,-0.49063127475065094
2020-07-15,580.0,-1.24504225253744
2020-07-16,2202.0,-3.092333208474952
2020-07-17,944.0,-2.9325051911679307
2020-07-18,700.0,-3.766262768039825
2020-07-19,230.0,-3.0514763995353387
2020-07-20,454.0,-1.28424128963925
2020-07-21,500.0,-1.8768253111232907
2020-07-22,432.0,-1.6641136515999988
2020-07-23,778.0,-2.4774276785662916
2020-07-24,426.0,-2.018743020456851
2020-07-25,188.0,-1.8191356940608814
2020-07-26,248.0,-0.4124203958964843
2020-07-27,370.0,-0.6207124578222716
2020-07-28,424.0,-0.5803393462298098
2020-07-29,450.0,-1.1863236177866323
2020-07-30,402.0,-1.4387824714885287
2020-07-31,1222.0,-4.614688420991618
2020-08-01,616.0,-4.878618565478185
2020-08-02,148.0,-2.066645675187123
2020-08-03,326.0,-1.808678012017432
2020-08-04,566.0,-1.679235977611039
2020-08-05,480.0,-3.023311026786636
2020-08-06,374.0,-0.6107123348725655
2020-08-07,282.0,-0.7605351283051744
2020-08-08,182.0,-0.4232013410388423
2020-08-09,92.0,0.12915047596624604
2020-08-10,254.0,-0.042434991591905516
2020-08-11,348.0,-0.9312380608599221
2020-08-12,268.0,-1.3104141750890599
2020-08-13,582.0,-2.3159139993541067
2020-08-14,450.0,-2.0296510767473017
2020-08-15,124.0,-1.293488548196436
2020-08-16,80.0,-0.752845848969476
2020-08-17,312.0,0.05113805029341624
2020-08-18,354.0,-0.2507168070685249
2020-08-19,370.0,-0.5384269783001651
2020-08-20,426.0,-2.0394904900645914
2020-08-21,412.0,-2.166649533207656
2020-08-22,148.0,-0.7910194975996208
2020-08-23,142.0,-1.080643313303214
2020-08-24,282.0,-0.26677707568671444
2020-08-25,300.0,-1.1670491671111298
2020-08-26,386.0,-0.5932592509491501
2020-08-27,396.0,-1.0968834678408514
2020-09-13,63.0,-0.4014858239727473
2020-09-14,162.0,-0.34749878503402853
2020-09-15,195.0,-0.4867010764350167
2020-09-16,184.0,-0.7199847248196868
2020-09-17,152.0,-0.12856466294527094
2020-09-18,158.0,-0.3024899751571492
2020-09-19,56.0,-0.775441990395092
2020-09-20,58.0,-1.5099542258862921
2020-09-21,160.0,0.3602389935438805
2020-09-22,486.0,-2.3192844098314827
2020-09-23,372.0,-1.6404450005980207
2020-09-24,416.0,-0.4431004562092849
2020-09-25,378.0,0.08695714068116832
2020-09-26,214.0,-0.8185474439552183
2020-09-27,178.0,-0.5552263111622198
2020-09-28,314.0,0.11124332179123897
2020-09-29,418.0,-1.1436818264286457
2020-09-30,408.0,-0.14673775311981654
2020-10-01,404.0,-0.6160634857538145
2020-10-02,282.0,-0.9876148395431672
2020-10-03,116.0,-2.406140922588138
2020-10-04,86.0,-1.4190163419164932
2020-10-05,226.0,-1.0647528103934898
2020-10-06,626.0,-4.236292763018835
2020-10-07,387.0,-1.1727247421764198
2020-10-08,453.0,-0.6024918684251716
2020-10-09,264.0,-0.7452611695856622
2020-10-10,228.0,-1.0980273252670383
2020-10-11,177.0,-1.7050255368094398
2020-10-12,423.0,-2.1253039275617858
2020-10-13,402.0,-0.8168304400690872
2020-10-14,519.0,-0.8102983145565824
2020-10-15,393.0,-1.0835901755716841
2020-10-16,213.0,-2.580902339320806
2020-10-17,165.0,-1.992574214050455
2020-10-18,201.0,-1.623893928376337
2020-10-19,519.0,-2.2628972934682667
2020-10-20,351.0,-1.13890592446165
2020-10-21,411.0,0.6841520527090299
2020-10-22,519.0,-0.7223561116763599
2020-10-23,318.0,-2.2750246396163796
2020-10-24,96.0,-1.985481679091013
2020-10-25,168.0,-3.211116256271021
2020-10-26,405.0,-1.0142437912471989
2020-10-27,297.0,-0.24791306376199376
2020-10-28,534.0,-1.6436935026500774
2020-10-29,246.0,-0.227668058972739
2020-10-30,147.0,-0.9628395141010698
2020-10-31,84.0,0.6914446041172185
2020-11-01,81.0,-1.081765792966309
2020-11-02,234.0,0.38650794805728544
2020-11-03,153.0,-0.012932882727020098
2020-11-04,276.0,-0.34292954785010826
2020-11-05,219.0,-0.07954248182704066
2020-11-06,90.0,-1.0848168712075443
2020-11-07,33.0,-1.9805476883809798
2020-11-08,84.0,-0.07353298971614018
2020-11-09,384.0,0.009238324508840573
2020-11-10,207.0,-1.6827064166400725
2020-11-11,237.0,-0.7667407577280959
2020-11-12,204.0,-0.3253549628110374
2020-11-13,57.0,0.9157960758170972
2020-11-14,30.0,-1.3737293472156717
2020-11-15,30.0,-0.30933487501916707
2020-11-16,147.0,-0.8288222402386755
2020-11-17,198.0,-0.6575799284959502
2020-11-18,927.0,-0.8958423048085008
2020-11-19,765.0,-1.2276748292022144
2020-11-20,711.0,-0.49200852721555083
2020-11-21,288.0,-0.31434030119517786
2020-11-22,234.0,-0.9234059601748987
2020-11-23,603.0,-0.25539509266930543
2020-11-24,990.0,-0.42523037672785335
2020-11-25,894.0,0.10796177510034276
2020-11-26,882.0,-1.7876923784678598
2020-11-27,828.0,-0.9941537171628678
2020-11-28,321.0,-0.25291782510302907
2020-11-29,249.0,-1.0579258349280316
2020-11-30,762.0,-0.24766972914456284
2020-12-01,1014.0,-0.5317371226723759
2020-12-02,711.0,0.03500913820129921
2020-12-03,657.0,-0.3093292920453805
2020-12-04,558.0,-0.05729659562404844
2020-12-05,351.0,-0.45332974815765914
2020-12-06,207.0,-0.7901941212396614
2020-12-07,648.0,-1.127206040310539
2020-12-08,636.0,-0.8145780780715396
2020-12-09,771.0,-0.5285935141933915
2020-12-10,765.0,-0.0472520321049641
2020-12-11,708.0,-1.3190071872329998
2020-12-12,342.0,-1.697682695432074
2020-12-13,342.0,-0.3457309263318514
2020-12-14,609.0,-0.13635558945410015
2020-12-15,744.0,-0.04082946009159492
2020-12-16,1206.0,-0.5801741167253969
2020-12-17,1644.0,-0.21547678922927832
2020-12-18,1068.0,-0.20974112548339877
2020-12-19,375.0,-0.639236617197094
2020-12-20,249.0,-1.8692105144632827
2020-12-21,711.0,-1.1326186797093873
2020-12-22,666.0,-0.7432439113703807
2020-12-23,729.0,-0.5976332531373458
2020-12-24,516.0,-0.8341817069568748
2020-12-25,204.0,-0.795621229977553
2020-12-26,249.0,-0.39664596376583944
2020-12-27,297.0,-0.15307374665039594
2020-12-28,798.0,-0.7359968556672001
2020-12-29,837.0,-0.9335214293820742
2020-12-30,873.0,-0.5548244327064227
2020-12-31,825.0,-0.7530114711672992
2021-01-01,315.0,-1.2903841590297878
2021-01-02,306.0,-1.024757439567746
2021-01-03,408.0,-0.4410408264155213
2021-01-04,1335.0,-0.36656846189062575
2021-01-05,1095.0,-0.667106650609027
2021-01-06,1149.0,-0.23929066696076293
2021-01-07,1194.0,-0.16556900265115868
2021-01-08,1335.0,-0.3189357684899141
2021-01-09,471.0,-0.4122040762955382
2021-01-10,396.0,-0.7023900204940056
2021-01-11,1263.0,-1.0498017194730962
2021-01-12,1440.0,-1.35687737039456
2021-01-13,1278.0,-1.2508627623115791
2021-01-14,1278.0,-0.3145189715220953
2021-01-15,1029.0,-1.692006757134671
2021-01-16,501.0,-0.5584473290503444
2021-01-17,489.0,-1.4624256536648272
2021-01-18,699.0,-1.0063170202760658
2021-01-19,942.0,-0.44059201033426154
2021-01-20,798.0,-0.30786028345224314
2021-01-21,960.0,-0.23946397731170824
2021-01-22,1068.0,-1.1596950283913103
2021-01-23,327.0,-1.4069664774859454
2021-01-24,366.0,-0.8827349974653684
2021-01-25,759.0,-0.3505992570001557
2021-01-26,843.0,-0.2946232841802746
2021-01-27,1032.0,-1.2999534401671056
2021-01-28,912.0,-1.1716212582996899
2021-01-29,1089.0,-0.44566181902842594
2021-01-30,696.0,-1.095342946929155
2021-01-31,306.0,-1.2071462617375581
2021-02-01,771.0,-0.18952601937616334
2021-02-02,939.0,-0.8399594491106415
2021-02-03,756.0,-0.05150410505329436
2021-02-04,942.0,-0.05757250542040119
2021-02-05,1197.0,-1.4866534715185074
2021-02-06,486.0,-2.1259146393048263
2021-02-07,417.0,-0.7789475342073812
2021-02-08,2151.0,-0.15176690318583844
2021-02-09,2766.0,-0.225316174584757
2021-02-10,2067.0,-0.9086591576431764
2021-02-11,1677.0,-0.5428239330360908
2021-02-12,1836.0,-0.3302412068703645
2021-02-13,912.0,-0.2797256142616896
2021-02-14,600.0,-0.20198542407533374
2021-02-15,1524.0,-0.23146327687902962
2021-02-16,2247.0,-0.25368538055823847
2021-02-17,2535.0,-1.8935971743428681
2021-02-18,1965.0,-1.7629836490617155
2021-02-19,1713.0,-0.38203587363886143
2021-02-20,873.0,-0.47349182741859625
2021-02-21,570.0,-0.3295537522405126
2021-02-22,1569.0,-0.39290679810156065
2021-02-23,2064.0,-0.8592342394553469
2021-02-24,1758.0,-0.7334226196976366
2021-02-25,1353.0,-0.13860133368428887
2021-02-26,1293.0,-1.2315150838405322
2021-02-27,678.0,-0.5283666633867379
2021-02-28,492.0,-0.9614066173650334
2021-03-01,1107.0,-0.4972391602292369
2021-03-02,1263.0,-0.2136725591709741
2021-03-03,1248.0,-0.27658673931614824
2021-03-04,1152.0,0.049278768050545284
2021-03-05,1551.0,-1.5284331927919137
2021-03-06,759.0,-1.8107900042052887
2021-03-07,399.0,-0.49873626978976654
2021-03-08,1131.0,-0.18672576323295423
2021-03-09,1254.0,0.13879664807352077
2021-03-10,1413.0,-0.8498833156674661
2021-03-11,1302.0,-0.1954135475437144
2021-03-28,114.0,-0.2636918225172278
2021-03-29,399.0,0.04351254444507948
2021-03-30,465.0,-0.10335124513492913
2021-03-31,391.0,-0.17266734246370122
2021-04-01,407.0,-0.4944424998500719
2021-04-02,316.0,-1.0475547358186494
2021-04-03,168.0,-1.0416452680827462
2021-04-04,95.0,-0.9648059913038335
2021-04-05,279.0,-0.305644302769878
2021-04-06,436.0,0.2889967454948584
2021-04-07,374.0,-0.5523033183883992
2021-04-08,434.0,-0.23132943233060618
2021-04-09,333.0,0.24497528311049419
2021-04-10,129.0,-0.09483098224804691
2021-04-11,121.0,-0.06815465548653056
2021-04-12,382.0,0.040387733773849466
2021-04-13,633.0,0.1623605255456778
2021-04-14,741.0,0.08581581635714554
2021-04-15,682.0,0.04646154261943075
2021-04-16,570.0,-0.7970566210910345
2021-04-17,231.0,-0.9495368055890531
2021-04-18,243.0,-1.0245816574595532
2021-04-19,704.0,0.03257463854688118
2021-04-20,618.0,0.32565371712360813
2021-04-21,427.0,0.10740541678586592
2021-04-22,499.0,-0.35138658994387045
2021-04-23,619.0,-1.761748574427885
2021-04-24,236.0,-1.7382495238904703
2021-04-25,140.0,-0.5516303297823085
2021-04-26,569.0,-0.6792839754181299
2021-04-27,661.0,-0.10673241345629629
2021-04-28,416.0,-0.21848732316210656
2021-04-29,502.0,-0.5611991508718107
2021-04-30,398.0,-0.5383556774073469
2021-05-01,197.0,-0.8339452732540701
2021-05-02,162.0,-0.9698528224952957
2021-05-03,394.0,-0.043508884255992517
2021-05-04,446.0,0.4890030683993984
2021-05-05,419.0,0.46834537868818893
2021-05-06,438.0,0.4545911742286662
2021-05-07,440.0,0.21271436314438813
2021-05-08,227.0,-0.48614875464311896
2021-05-09,378.0,-0.5613307100538677
2021-05-10,590.0,-0.15561494516834834
2021-05-11,500.0,-0.4556455398734554
2021-05-12,540.0,-0.24532910350441034
2021-05-13,1130.0,-1.0495945917455274
2021-05-14,910.0,-1.3775582621793894
2021-05-15,340.0,-1.9213713549651497
2021-05-16,227.0,-1.5685718925545613
2021-05-17,605.0,-0.9474533175800806
2021-05-18,582.0,-0.8235177612273271
2021-05-19,1225.0,-1.8812092855373543
2021-05-20,1179.0,-1.27823078762036
2021-05-21,839.0,-1.3725219402901365
2021-05-22,341.0,-1.185795945853887
2021-05-23,282.0,-1.5953218615088987
2021-05-24,939.0,-1.1540584557759908
2021-05-25,714.0,-0.5210875192017368
2021-05-26,745.0,-0.9936670621434965
2021-05-27,547.0,-0.5027470614610959
2021-05-28,574.0,-0.941237609382326
2021-05-29,226.0,-1.4127057436175299
2021-05-30,163.0,-1.0556051947157394
2021-05-31,402.0,-0.9004390488750078
2021-06-01,515.0,-0.2362614930182312
2021-06-02,559.0,-0.6833767933879408
2021-06-03,583.0,-0.7321575683780597
2021-06-04,579.0,-0.8771986055709602
2021-06-05,282.0,-1.3704467595377616
2021-06-06,299.0,-0.7577894947194491
2021-06-07,738.0,-1.8677517347936503
2021-06-08,1158.0,-2.6918497459867328
2021-06-09,921.0,-1.1049952349614829
2021-06-10,965.0,-1.6547607632612074
2021-06-11,685.0,-1.5584923172355296
2021-06-12,265.0,-1.6423791000036212
2021-06-13,201.0,-1.073045181276123
2021-06-14,657.0,-0.5354118890968267
2021-06-15,543.0,-0.7444804190452041
2021-06-16,494.0,-0.9724267197750136
2021-06-17,489.0,-0.5910129239310237
2021-06-18,405.0,-0.34907697173614466
2021-06-19,224.0,-1.9334049528192778
2021-06-20,163.0,-1.731105382138896
2021-06-21,718.0,-1.4098004000143927
2021-06-22,817.0,-1.162969982648592
2021-06-23,923.0,-2.4510285833897254
2021-06-24,914.0,-3.0434620791315625
2021-06-25,670.0,-1.3706697131136452
2021-06-26,212.0,-1.4431229756700255
2021-06-27,195.0,-1.3045339199452473
2021-06-28,605.0,-0.9479246920755843
2021-06-29,590.0,-1.164675061748311
2021-06-30,466.0,-0.3213848984988009
2021-07-01,484.0,-0.017447893616715608
2021-07-02,434.0,-0.3517976565204599
2021-07-03,160.0,-2.063128603945883
2021-07-04,127.0,-1.2795216902995048
2021-07-05,423.0,-2.0103715105385533
2021-07-06,563.0,-1.8686028631458511
2021-07-07,506.0,-1.2079266251351641
2021-07-08,504.0,-1.020470796501643
2021-07-09,458.0,-0.44789589976577865
2021-07-10,150.0,-0.9071869589327184
2021-09-04,132.0,-1.2532391642578855
2021-09-05,122.0,-0.5017624776650751
2021-09-06,350.0,-0.0041252099748619745
2021-09-07,784.0,-0.8002224359026889
2021-09-08,848.0,-1.1077700993196782
2021-09-09,543.0,-0.6156482049158895
2021-09-10,385.0,-0.15111131701940753
2021-09-11,142.0,-0.4852337194035187
2021-09-12,154.0,-0.6222279922551166
2021-09-13,446.0,-0.3163303476916623
2021-09-14,469.0,-0.10313431554947161
2021-09-15,428.0,-0.14658693102021916
2021-09-16,445.0,-0.34310797214092625
2021-09-17,442.0,-0.07885703239121451
2021-09-18,154.0,-0.41572638679763924
2021-09-19,102.0,-0.5438537028646001
2021-09-20,425.0,-1.2177684868814251
2021-09-21,610.0,-1.6447096576124212
2021-09-22,446.0,-0.9441516049170476
2021-09-23,491.0,0.3145447138688297
2021-09-24,802.0,-1.9053459267469035
2021-09-25,289.0,-2.107983739312179
2021-09-26,217.0,-1.197316855201342
2021-09-27,591.0,-0.835396395445703
2021-09-28,544.0,-0.6297352199841025
2021-09-29,506.0,-0.46630939715814335
2021-09-30,488.0,-0.12664830129743745
2021-10-01,469.0,-0.575269444886571
2021-10-02,198.0,-1.2210572493013214
2021-10-03,125.0,-0.7404631793772567
2021-10-04,454.0,-0.6624928412966679
2021-10-05,525.0,-0.45489218541152665
2021-10-06,533.0,-0.4424911918925502
2021-10-07,513.0,-0.47182744896733947
2021-10-08,420.0,-0.07854909084393687
2021-10-09,166.0,-0.881811454515362
2021-10-10,240.0,-1.7268620244176585
2021-10-11,534.0,-1.018005260018524
2021-10-12,445.0,-0.46898743007879234
2021-10-13,516.0,-0.47426651778433676
2021-10-14,488.0,-0.4018086333948355
2021-10-15,646.0,-0.7850078600909355
2021-10-16,315.0,-0.7118500628266239
2021-10-17,189.0,-0.015055550331602746
2021-10-18,539.0,-0.43077773225142413
2021-10-19,631.0,0.09909944742066179
2021-10-20,691.0,-0.1121743355021509
2021-10-21,682.0,-0.3896258957668619
2021-10-22,414.0,-0.23115284372868417
2021-10-23,164.0,0.02064300054016304
2021-10-24,164.0,0.2607249843279151
2021-10-25,457.0,-0.005015306190137009
2021-10-26,598.0,-0.6538782163094901
2021-10-27,441.0,-0.3760938777929759
2021-10-28,451.0,-0.013573358231697046
2021-10-29,459.0,-0.1577848431016753
2021-10-30,177.0,-0.3483685994420304
2021-10-31,175.0,-0.41335519538579196
2021-11-01,447.0,0.03750278421894339
2021-11-02,468.0,0.020490387700916053
2021-11-03,497.0,0.2659748482591676
2022-01-08,696.0,-1.396543848399206
2022-01-09,405.0,-1.3457841457332411
2022-01-10,1329.0,-0.5815451269602433
2022-01-11,1596.0,-0.7656742584204851
2022-01-12,1656.0,-0.37882135331578054
2022-01-13,1527.0,-0.15216016987503525
2022-01-14,1815.0,-0.7404120218341763
2022-01-15,726.0,-1.5842892689616648
2022-01-16,453.0,-0.6898506948764311
2022-01-17,1341.0,-0.23582387368405425
2022-01-18,1857.0,-0.09267348087049693
2022-01-19,1500.0,-0.2131725014423111
2022-01-20,1728.0,-0.546730256371121
2022-01-21,1950.0,-0.954230073309936
2022-01-22,984.0,-1.5860043041382346
2022-01-23,504.0,-1.379364114538813
2022-01-24,2055.0,-1.5378493670160607
2022-01-25,2169.0,-1.2093714733399021
2022-01-26,2022.0,-0.1888623587534958
2022-01-27,1638.0,-0.16725068520878175
2022-01-28,1440.0,-0.4987141449925708
2022-01-29,666.0,-0.6304907263548155
2022-01-30,450.0,-0.9622329538534478
2022-01-31,1311.0,-0.21907898845407972
2022-02-01,2490.0,-0.4321687544237667
2022-02-02,1701.0,-0.4966382015865003
2022-02-03,1644.0,-0.8090768912797153
2022-02-04,1344.0,-0.35860855693897115
2022-02-05,609.0,-0.06669379345611236
2022-02-06,705.0,-1.05687590270425
2022-02-07,1524.0,-0.41426544287878836
2022-02-08,2235.0,-1.0975088049386685
2022-02-09,2091.0,-1.3111467477870178
2022-02-10,1929.0,-0.9293654172581244
2022-02-11,1512.0,-0.9633058913285459
2022-02-12,738.0,-1.2219985391420458
2022-02-13,540.0,-1.342223631561814
2022-02-14,1869.0,-1.1469110543952592
2022-02-15,2109.0,-1.6806104724205295
2022-02-16,1752.0,-0.6421981743842917
2022-02-17,1857.0,-1.2202110026777688
2022-02-18,1836.0,-1.7855193478921616
2022-02-19,909.0,-1.9149976627261465
2022-02-20,555.0,-1.6392817229589485
2022-02-21,1167.0,-1.3382487648874772
2022-02-22,1701.0,-0.8073092651956163
2022-02-23,1821.0,-1.404579889345073
2022-02-24,1812.0,-1.467218355206877
2022-02-25,1773.0,-1.5506055711886004
2022-02-26,957.0,-1.9787155441988808
2022-02-27,762.0,-1.5281648001849046
2022-02-28,1683.0,-1.4969053866105528
2022-03-01,1929.0,-1.286739414767985
2022-03-02,2388.0,-1.900135940702773
2022-03-03,1800.0,-1.3269802595052584
2022-03-04,1440.0,-1.1654328477692233
2022-03-05,750.0,-1.4435061519428922
2022-03-06,492.0,-1.4530003505776323
2022-03-07,1335.0,-0.9722212827506845
2022-03-08,1884.0,-1.356273758004244
2022-03-09,2682.0,-0.7940277531626021
2022-03-10,2184.0,-0.7790920871846317
2022-03-11,1719.0,-0.5715585218875012
2022-03-12,663.0,-1.1105520883673634
2022-03-13,540.0,-0.6948376643283366
2022-03-14,1506.0,-0.3423547365066058
2022-03-15,1920.0,0.1739029567119532
2022-03-16,1530.0,-0.25566236980400225
2022-03-17,1515.0,-0.642137878242048
2022-03-18,1443.0,-0.9790859075095574
2022-03-19,585.0,-0.5650473019585343
2022-03-20,522.0,-0.5886659670989672
2022-03-21,1308.0,-0.5000639795434623
2022-03-22,1698.0,-0.4587181519494137
2022-03-23,1602.0,-0.3766421987260388
2022-03-24,1575.0,-0.37226240820308215
2022-03-25,1449.0,-0.35570292446768575
2022-03-26,852.0,-1.0183961260251895
2022-03-27,726.0,-0.7023307895737836
2022-03-28,1677.0,-0.5445330322354636
2022-03-29,1776.0,-0.14004067728315522
2022-03-30,1581.0,-0.33482924732915115
2022-03-31,1635.0,-0.3250855372353749
2022-08-13,310.0,-0.7779550421958675
2022-08-14,238.0,-0.8394458770451261
2022-08-15,748.0,-0.46106548727752483
2022-08-16,800.0,-0.7597107796138036
2022-08-17,840.0,-1.0024300559493464
2022-08-18,740.0,-0.6002581054501545
2022-08-19,898.0,-0.9223130751037495
2022-08-20,330.0,-0.579499631831506
2022-08-21,206.0,-1.3110246139562278
2022-08-22,664.0,-0.6184224365287685
2022-08-23,746.0,-1.1586863049108016
2022-08-24,768.0,-1.0298560619918768
2022-08-25,684.0,-0.3295539241839693
2022-08-26,736.0,-0.6796422361847335
2022-08-27,312.0,-0.7098470929712593
2022-08-28,262.0,-1.2758749291418616
2022-08-29,710.0,-0.7028756405984828
2022-08-30,770.0,-1.0035208622864862
2022-08-31,714.0,-0.9186569096918795
2022-09-01,724.0,-1.2122471231596583
2022-09-02,488.0,-0.5341112788960201
2022-09-03,198.0,-0.21785178096262903
2022-09-04,190.0,-0.38326775040861977
2022-09-05,476.0,-0.5743566378620638
2022-09-06,576.0,-0.03535309111592959
2022-09-07,776.0,-0.4737879558200554
2022-09-08,658.0,-0.441582460859665
2022-09-09,700.0,-0.5943450042004
2022-09-10,202.0,-0.39265787534215824
2022-09-11,290.0,-0.36841527752728
2022-09-12,756.0,-0.7365546574707407
2022-09-13,876.0,-1.0529017467580506
2022-09-14,888.0,-1.5011368946045858
2022-09-15,860.0,-0.5288903904614651
2022-09-16,802.0,-0.7024708402096144
2022-09-17,278.0,-0.735726688683829
2022-09-18,312.0,-1.2547026751859884
2022-09-19,682.0,-0.5721231444617263
2022-09-20,776.0,-0.6314644313433604
2022-09-21,846.0,-0.4246380491163162
2022-09-22,810.0,-0.30189136067464273
2022-09-23,834.0,-0.8970399290254877
2022-09-24,340.0,-1.4814708264110354
2022-09-25,176.0,-1.2285005353772165
2022-09-26,690.0,-1.2919734807486543
2022-09-27,948.0,-1.6772328900402187
2022-09-28,766.0,-1.0269173607322486
2022-09-29,810.0,-0.690794747442955
2022-09-30,648.0,-0.5662507857705313
2022-10-01,260.0,-1.2796606066158338
2022-10-02,210.0,-1.1185040660452412
2022-10-03,816.0,-0.4857690882842249
2022-10-04,908.0,-0.6741403340004697
2022-10-05,660.0,-0.34935818000572927
2022-10-06,798.0,-1.5749614571827995
2022-10-07,778.0,-1.3101771189520215
2022-10-08,258.0,-1.3793113582390082
2022-10-09,192.0,-0.524195489686508
2022-10-10,550.0,-0.41823944426892135
2022-10-11,818.0,-0.44045759857384775
2022-10-12,702.0,-0.20196504394940987
2022-12-18,471.0,-2.3384374373649477
2022-12-19,1416.0,-2.345042907559703
2022-12-20,1389.0,-1.7350546615108182
2022-12-21,1665.0,-2.141835117266418
2022-12-22,2280.0,-3.839982238124925
2022-12-23,1395.0,-2.1343703780437457
2022-12-24,513.0,-2.071017203107506
2022-12-25,297.0,-1.8775022774780503
2022-12-26,501.0,-1.3440819915320863
2022-12-27,942.0,-1.482422835868359
2022-12-28,1137.0,-1.9251075474584098
2022-12-29,900.0,-1.5080857516989217
2022-12-30,939.0,-2.101959965613821
2022-12-31,426.0,-1.9898257731933489
2023-01-01,264.0,-1.1844040101466113
2023-01-02,462.0,-1.2209100500998031
2023-01-03,1215.0,-3.7111229422749497
2023-01-04,1380.0,-2.6452581760715743
2023-01-05,1152.0,-1.9126998715540695
2023-01-06,915.0,-1.8588853674028714
2023-01-07,357.0,-2.218216437044408
2023-01-08,399.0,-0.7720033581851417
2023-01-09,924.0,-0.7551628643108628
2023-01-10,1044.0,-1.0723959829779461
2023-01-11,1185.0,-1.026646575888394
2023-01-12,1371.0,-1.450048686665794
2023-01-13,1164.0,-1.6191091209882935
2023-01-14,462.0,-0.7262311044278112
2023-01-15,291.0,-0.4647945693287331
2023-01-16,756.0,-0.4427522528105004
2023-01-17,1134.0,-0.9422724968734152
2023-01-18,1527.0,-1.8212324236256694
2023-01-19,1206.0,-1.6426383427675177
2023-01-20,1263.0,-1.5551555904313774
2023-01-21,525.0,-1.4523164922045193
2023-01-22,288.0,-1.690688658517539
2023-01-23,885.0,-0.6989796310816093
2023-01-24,1005.0,-1.3453774493322674
2023-01-25,1059.0,-0.9802892809210975
2023-01-26,978.0,-1.3574254127560157
2023-01-27,945.0,-1.4698641556684933
2023-01-28,432.0,-2.5135985784383705
2023-01-29,288.0,-1.6345429974551557
2023-01-30,858.0,-0.7257618904661037
2023-01-31,972.0,-0.9802203258179977
2023-02-01,987.0,-1.3319787122527225
2023-02-02,1137.0,-0.9737062493617638
2023-02-03,1095.0,-1.58528977887993
2023-02-04,438.0,-1.508190023422479
2023-02-05,303.0,-1.1597916340709276
2023-02-06,1062.0,-1.2827650868475389
2023-02-07,1452.0,-1.3669117417949626
2023-02-08,1254.0,-1.6725373341979728
2023-02-09,1212.0,-0.8477888708854519
2023-02-10,1017.0,-1.1270899479297418
2023-02-11,516.0,-0.960706752821398
2023-02-12,378.0,-1.062391390717579
2023-02-13,885.0,-0.5837497907585429
2023-02-14,1023.0,-0.859002420046937
2023-02-15,1008.0,-1.0915377862169375
2023-02-16,1254.0,-0.9430592104772383
2023-02-17,346.0,-1.5528346677607994
2023-02-18,384.0,-1.1638292545824176
2023-02-19,186.0,-0.8393432336536267
2023-02-20,732.0,-0.3124832029748616
2023-02-21,996.0,-0.68402133565724
2023-02-22,828.0,-0.4498368432227655
2023-02-23,999.0,-2.082589648768407
2023-02-24,906.0,-1.2259670550439616
2023-02-25,555.0,-1.6701417919669819
2023-02-26,249.0,-1.747698926093636
2023-02-27,744.0,-0.897464951169206
2023-02-28,876.0,-1.3910179665646947
2023-03-01,918.0,-0.5266205101938648
2023-03-02,990.0,-0.8477302827026931
2023-03-03,936.0,-0.42782915170960206
2023-03-04,318.0,-0.30211100061121327
2023-03-05,228.0,-2.2396046784630372
2023-03-06,852.0,-0.8110694396556963
2023-03-07,978.0,-0.08815725076420264
2023-03-08,1152.0,-0.3823017775004125
2023-03-09,1434.0,-1.7649839128009503
2023-03-10,1371.0,-1.7084993494094605
2023-03-11,594.0,-1.1261512608540285
2023-03-12,381.0,-2.3858433981265867
2023-03-13,1878.0,-1.224177445076568
2023-03-14,1644.0,-1.5796154147580945
2023-03-15,1197.0,-1.616818510915575
2023-03-16,1029.0,-1.2718785317781327
2023-03-17,1122.0,-1.6604715312084875
2023-03-18,537.0,-1.3531984216846737
2023-03-19,366.0,-2.404364562513874
2023-03-20,1263.0,-1.2904871035351297
2023-03-21,1161.0,-0.9895942066604222
2023-03-22,1101.0,0.3922068296066129
2023-03-23,0.0,
2023-03-24,3705.0,-2.3688890044355975
2023-03-25,1191.0,-1.6153549453485971
2023-03-26,1116.0,-0.9005890044582818
2023-03-27,2955.0,-1.2329551402510421
2023-03-28,3549.0,-3.3492364334354505
2023-03-29,2727.0,-2.3495526056901
2023-03-30,3441.0,-2.800300391789754
2023-03-31,2793.0,-2.1674383919138283
2023-04-01,1077.0,-1.2502207976959914
2023-04-02,1026.0,-1.1998031878205004
2023-04-03,2040.0,-0.7771628900535966
2023-04-04,2673.0,-0.3490136032680867
2023-04-05,3390.0,-1.3342481832163229
2023-04-06,2745.0,-1.7178453104100908
2023-04-07,2304.0,-1.903905597148285
2023-04-08,1095.0,-0.6962071613216405
2023-04-09,813.0,-0.46827001353885195
2023-04-10,1683.0,-0.8110176042352193
2023-04-11,2820.0,-0.5146228677159606
2023-04-12,2604.0,-0.5930454543483207
2023-04-13,3654.0,-1.950571988867449
2023-04-14,2475.0,-1.2861825730260485
2023-04-15,975.0,-0.8605082179601589
2023-04-16,741.0,0.3346789885680343
2023-04-17,1872.0,-0.6329812844195851
2023-04-18,2352.0,-0.7408490037799396
2023-04-19,2010.0,-0.33069108315552387
2023-05-21,271.0,-0.46604895885837383
2023-05-22,631.0,-1.2727451395934464
2023-05-23,570.0,-0.45206644470512314
2023-05-24,702.0,-0.547985869889768
2023-05-25,641.0,-0.39444766140677817
2023-05-26,527.0,-0.09372213418045708
2023-05-27,211.0,0.25628343185448293
2023-05-28,192.0,0.32273709428154357
2023-05-29,419.0,-0.14902670102830204
2023-05-30,687.0,-1.7510872339368777
2023-05-31,628.0,-0.14745521733900377
2023-06-01,621.0,-0.33162488199348417
2023-06-02,490.0,0.10647050801230179
2023-06-03,204.0,0.07480413648817609
2023-06-04,161.0,-0.462474425792554
2023-06-05,910.0,-1.8496832847807172
2023-06-06,1192.0,-2.508750497363886
2023-06-07,1023.0,-1.5862629873600858
2023-06-08,748.0,-1.0972894784399945
2023-06-09,648.0,-1.6204201881744853
2023-06-10,538.0,-2.312416760897484
2023-06-11,350.0,-1.1737105321920633
2023-06-12,567.0,-0.747813325029866
2023-06-13,570.0,-0.39432009898851383
2023-06-14,620.0,-0.9704691336303555
2023-06-15,1001.0,-1.6799297738910197
2023-06-16,766.0,-1.6730273034025334
2023-06-17,307.0,-1.3876169465048405
2023-06-18,298.0,-0.9578588393498416
2023-06-19,552.0,-1.004142921010226
2023-06-20,948.0,-3.315274001031731
2023-06-21,776.0,-1.8097744119985328
2023-06-22,719.0,-0.4122193398581235
2023-06-23,851.0,-1.937948992704579
2023-06-24,325.0,-0.8886426825939491
2023-06-25,315.0,-1.0330673542314361
2023-06-26,672.0,-0.5645108181542237
2023-06-27,749.0,-1.1511571305917063
2023-06-28,686.0,-0.5838212291611412
2023-06-29,599.0,0.0026606432489164797
2023-06-30,508.0,0.31999347554107455
2023-07-01,240.0,-0.34677664565803035
2023-07-02,193.0,0.6300122074444802
2023-07-03,525.0,-0.513469068248979
2023-07-04,426.0,-0.3492147141850362
2023-07-05,590.0,-0.8464176403440588
2023-07-06,774.0,-1.0719908938439524
2023-07-07,564.0,-0.4617256466022242
2023-07-08,273.0,0.3899917250273561
2023-07-09,153.0,0.1638559136787209
2023-07-10,526.0,-0.31201372336117505
2023-07-11,583.0,-0.8912816663073414
2023-07-12,545.0,-0.3366337883409684
2023-07-13,902.0,-2.4380952316815825
2023-07-14,715.0,-0.919063329352391
2023-07-15,300.0,-0.05051254155123844
2023-07-16,197.0,-0.8323115219703273
2023-07-17,678.0,-1.3221307257453352
2023-07-18,703.0,-0.6112698530274756
2023-07-19,712.0,-0.18996856898153633
2023-07-20,595.0,0.33075580535158505
2023-07-31,697.0,-0.8943637471907548
2023-08-01,518.0,-0.8415297136103533
2023-08-02,766.0,-1.8658240810433186
2023-08-03,622.0,-1.7287167922298228
2023-08-04,669.0,-1.4269849267967376
2023-08-05,226.0,-0.28953814161525393
2023-08-06,162.0,0.09948577624413589
2023-08-07,526.0,-0.31913618785928716
2023-08-08,647.0,-0.7723320641959205
2023-08-09,543.0,-0.9462811054354385
2023-08-10,430.0,0.09843228596791032
2023-08-11,954.0,-3.2343411741618664
2023-08-12,437.0,-3.447616844080796
2023-08-13,268.0,-1.0761400134624712
2023-08-14,657.0,-1.252692435328435
2023-08-15,550.0,-1.5233923769379378
2023-08-16,585.0,0.03879012658271694
2023-08-17,575.0,-0.21060738271470625
2023-08-18,720.0,-1.2014524375997993
2023-08-19,232.0,-0.20786319262171404
2023-08-20,199.0,-0.23487910432416884
2023-08-21,473.0,-0.08849624098101386
2023-08-22,609.0,-1.2693416042992511
2023-08-23,669.0,-1.7878546246148832
2023-08-24,505.0,-1.1284257359278191
2023-08-25,434.0,-0.4415780333107673
2023-08-26,223.0,-0.543206940880006
2023-08-27,233.0,0.7798137842600975
2023-08-28,381.0,-0.7857764825425398
2023-08-29,844.0,-0.6928218400814495
2023-08-30,823.0,-1.8682335146344449
2023-08-31,565.0,0.08589815199479961
2023-09-01,520.0,-0.748732357388525
2023-09-02,212.0,-0.0946080469153067
2023-09-03,176.0,-0.4568548027102885
2023-09-04,457.0,-0.6039962737018928
2023-09-05,574.0,0.1361362525216761
2023-09-06,667.0,-0.6809922591141995
2023-09-07,739.0,-1.6886636247329974
2023-09-08,780.0,-1.8809627473509332
2023-09-09,513.0,-0.9549085688422533
2023-09-10,370.0,-0.42459019736233655
2023-09-11,571.0,-0.810287455091492
2023-09-12,676.0,-1.0390969655530484
2023-09-13,654.0,-1.1307002322176256
2023-09-14,624.0,-0.6769295212254427
2023-09-15,564.0,-0.6478256269215219
2023-09-16,234.0,-1.3235370925787422
2023-09-17,221.0,-0.8472152605640034
2023-09-18,637.0,-0.9656583425073588
2023-09-19,913.0,-2.02174743863107
2023-09-20,603.0,-1.4545572397716842
2023-09-21,628.0,-0.9778615984457035
2023-09-22,549.0,-0.7412471142915028
2023-09-23,241.0,-0.5865405444481699
2023-09-24,468.0,-0.7043267837933113
2023-09-25,1464.0,-0.5314651661797369
2023-09-26,1710.0,-1.024288960251738
2023-09-27,1809.0,-0.6584101716824107
2023-09-28,1575.0,-0.600514109187371
2023-09-29,1641.0,-1.3130705195022263
2023-09-30,729.0,-1.2441173303801012
2023-10-01,576.0,-0.6303841133884427
2023-10-02,2199.0,-1.661599617116721
2023-10-03,2634.0,-2.383050434432134
2023-10-04,2280.0,-1.6570646658928205
2023-10-05,2112.0,-1.6929576709913825
2023-10-06,1653.0,-0.8009878406480839
2023-10-07,648.0,-2.073511031090923
2023-10-08,615.0,-1.2475627129798788
2023-10-09,1413.0,-1.5231244948814895
2023-10-10,2376.0,-2.185406971153864
2023-10-11,2124.0,-1.870077212408374
2023-10-12,1800.0,-1.3444020428595993
2023-10-13,1797.0,-1.058346282116937
2023-10-14,951.0,-0.8916391900914198
2023-10-15,987.0,-1.5377696240160106
2023-10-16,1842.0,-0.4193164646426868
2023-10-17,2472.0,-0.4871410779213247
2023-10-18,2805.0,-2.778081616587684
2023-10-19,2238.0,-2.1714835703495146
2023-10-20,1689.0,-1.8281514686395515
2023-10-21,1197.0,-2.9880830523867603
2023-10-22,558.0,-0.7164894103278029
2023-10-23,1782.0,-2.050294092444332
2023-10-24,2565.0,-0.6584630159242101
2023-10-25,2250.0,-1.1604796054562418
2023-10-26,2073.0,-2.4728307459520846
2023-10-27,1752.0,-2.080429904213877
2023-10-28,759.0,-0.7701710996642991
2023-10-29,534.0,-0.6519553712041476
2023-10-30,1605.0,-0.3259738310346817
2023-10-31,1731.0,-1.3610274762869445
2023-11-01,1851.0,-1.4125803439748963
2023-11-02,2016.0,-1.476435270091676
2023-11-03,4335.0,-3.916937359157924
2023-11-04,870.0,-1.9096362667185656
2023-11-05,597.0,-1.3578007666747696
2023-11-06,1575.0,-0.8113210527508673
2023-11-07,1830.0,-0.13594298848030867
2023-11-08,1920.0,-0.10574492452687752
2023-11-09,1809.0,-0.14342077794709665
2023-11-10,1704.0,-0.9782359888190838
2023-11-11,906.0,-1.6549678097385552
2023-11-12,660.0,-0.892882186976965
2023-11-13,1626.0,-0.4415643920599611
2023-11-14,1764.0,-0.12424634157842751
2023-11-15,1920.0,-0.2957629594346759
2023-11-16,1641.0,-0.14670958663630884
2023-11-17,2061.0,-0.12866960372252922
2023-11-18,1476.0,0.1919980746060046
2023-11-19,837.0,-1.3352638968634438
2023-11-20,1593.0,-0.9864226617747317
2023-11-21,2565.0,-2.4336913519048395
2023-11-22,2862.0,-2.375342119991548
2023-11-23,2016.0,-1.1891061469454574
2024-01-13,270.0,-0.5394283299448928
2024-01-14,217.0,-0.655698303161059
2024-01-15,416.0,-0.8070301503033246
2024-01-16,788.0,-1.5490602359652133
2024-01-17,606.0,-0.43211614041193996
2024-01-18,563.0,-0.3749695268557136
2024-01-19,483.0,-0.12729005969399468
2024-01-20,236.0,-1.092143960313161
2024-01-21,245.0,-0.90269146911303
2024-01-22,691.0,-1.9420092369257307
2024-01-23,984.0,-1.8642685456146924
2024-01-24,673.0,-0.9431887433063378
2024-01-25,689.0,-1.0308123942153833
2024-01-26,449.0,-0.6259027140647296
2024-01-27,268.0,-2.7352866668148956
2024-01-28,266.0,-1.4262731444803898
2024-01-29,504.0,-0.7669234801033158
2024-01-30,578.0,-0.9596931246872241
2024-01-31,555.0,-0.96542228084145
2024-02-01,571.0,-1.1623869401748328
2024-02-02,625.0,-1.6735228786384997
2024-02-03,300.0,-0.43830995193791494
2024-02-04,333.0,0.0120655052202946
2024-02-05,624.0,-0.6799356874591143
2024-02-06,590.0,-0.9070464211324011
2024-02-07,633.0,-0.43781445061527424
2024-02-08,522.0,-0.6668966016746414
2024-02-09,725.0,-1.9444646144897806
2024-02-10,290.0,-1.9853989364171247
2024-02-11,339.0,-0.27911407389399945
2024-02-12,665.0,-0.09408015102972121
2024-02-13,764.0,-0.9959615472472526
2024-02-14,724.0,-1.1096846276792194
2024-02-15,594.0,-0.7644154385136938
2024-02-16,557.0,-0.23573496486236029
2024-02-17,216.0,-0.7172694102162718
2024-02-18,237.0,-0.5278132920469865
2024-02-19,453.0,-0.07277552749056443
2024-02-20,718.0,-1.2735013166798446
2024-02-21,686.0,-1.8705764048749396
2024-02-22,539.0,-0.8522416985410168
2024-02-23,550.0,-1.0198894746512148
2024-02-24,233.0,-1.3308988842657277
2024-02-25,255.0,-0.8464379418286884
2024-02-26,571.0,-0.7780581522899878
2024-02-27,719.0,-0.2549126141097635
2024-02-28,1044.0,-1.0661866158756035
2024-02-29,1016.0,-0.7532383313237333
2024-03-01,579.0,-0.6405931467144774
2024-03-02,366.0,-1.4672244908698235
2024-03-03,275.0,-1.302579524388257
2024-03-04,724.0,-0.9304960933793733
2024-03-05,1457.0,-1.2726245980410793
2024-03-06,1131.0,-0.9544223342612331
2024-03-07,884.0,-0.7676925792941048
2024-03-08,680.0,-0.7071981355773996
2024-03-09,350.0,-0.6083924908706456
2024-03-10,381.0,-0.35872240517233006
2024-03-11,985.0,-0.27908275014927925
2024-03-12,860.0,-0.526032048213985
2024-03-13,804.0,-0.5074910141831458
2024-03-14,794.0,-0.8837717412383614
2024-03-15,955.0,-1.731042893706416
2024-03-16,333.0,-1.3629838958395457
2024-03-17,322.0,-0.821747418177389
2024-03-18,614.0,-0.20404948475580006
2024-03-19,798.0,-0.6360676556634497
2024-03-20,862.0,-0.9015247301043661
2024-03-21,689.0,-1.1790624617330694
2024-03-22,675.0,-0.33068420293516093
2024-03-23,320.0,0.099596009729227
2024-03-24,310.0,-0.33612882134164646
2024-03-25,701.0,-1.9604810477009724
2024-03-26,927.0,-1.1052430067013483
2024-03-27,766.0,-0.8540895282991521
2024-03-28,1524.0,-3.3283659236061247
2024-03-29,939.0,-3.923805321700123
2024-03-30,324.0,-2.4737322433763325
2024-09-15,518.0,-0.4815345166732532
2024-09-16,1111.0,-1.4923785670327188
2024-09-17,860.0,-1.0565291599662103
2024-09-18,637.0,-1.684863530797093
2024-09-19,1043.0,-3.2097477951829583
2024-09-20,537.0,-1.2034661601615313
2024-09-21,196.0,-0.5743000897644454
2024-09-22,233.0,-0.8200102358970588
2024-09-23,560.0,-0.9358938097186207
2024-09-24,716.0,-2.248831498319892
2024-09-25,704.0,-1.875986067820853
2024-09-26,651.0,-0.5909444740324535
2024-09-27,555.0,-0.7037908722744596
2024-09-28,218.0,-1.7257275470655522
2024-09-29,240.0,-0.7669194320337719
2024-09-30,434.0,-0.3534801078933003
2024-10-01,568.0,-1.3586569238477006
2024-10-02,505.0,-1.223547770965242
2024-10-03,455.0,-0.6247969204573698
2024-10-04,493.0,-0.7880734400714794
2024-10-05,285.0,-1.3256392264277357
2024-10-06,179.0,-0.9212017620866394
2024-10-07,447.0,-0.958063710524545
2024-10-08,864.0,-1.325743517713711
2024-10-09,751.0,-1.2093432361087852
2024-10-10,527.0,-1.1813339438355601
2024-10-11,561.0,-1.793773771494675
2024-10-12,187.0,0.03894251756275011
2024-10-13,621.0,-0.26409077561837063
2024-10-14,1875.0,-0.4444544956075659
2024-10-15,1842.0,-0.09846187608352579
2024-10-16,1644.0,-0.4228865781770134
2024-10-17,2019.0,-1.4990430351330926
2024-10-18,2382.0,-3.0308325100913724
2024-10-19,846.0,-1.3101300717735844
2024-10-20,774.0,-0.531260106604566
2024-10-21,1677.0,-0.6225841668778296
2024-10-22,1956.0,-0.6937249799473733
2024-10-23,1719.0,-1.0723408003557506
2024-10-24,1932.0,-2.1660798402277326
2024-10-25,1377.0,-1.2489049619810326
2024-10-26,582.0,-0.9430896882077843
2024-10-27,684.0,-0.9336369889805861
2024-10-28,1971.0,-2.5998127684735595
2024-10-29,1812.0,-0.631236147464367
2024-10-30,2073.0,-0.28921126288426235
2024-10-31,1656.0,-0.24956999062304697
2024-11-01,1470.0,-0.8918057552573405
2024-11-02,642.0,-1.474443073754399
2024-11-03,633.0,-0.45139046265656574
2024-11-04,1914.0,-0.33114177330780137
2024-11-05,1836.0,-0.4162700699299853
2024-11-06,6741.0,-0.021666412999587794
2024-11-07,4098.0,-0.7724155582077458
2024-11-08,1872.0,-0.4663756568063319
2024-11-09,735.0,-1.2821021057078577
2024-11-10,906.0,-0.20958768366200842
2024-11-11,3237.0,-0.38757103793871434
2024-11-12,3393.0,-0.19739208680370401
2024-11-13,5943.0,-0.7661618240326972
2024-11-14,3423.0,-0.4149123165225222
2024-11-15,2835.0,-1.9271481692197552
2024-11-16,1323.0,-0.42710731086384796
2024-11-17,1413.0,0.13190770865079965
2024-11-18,2118.0,-0.34453885450755256
2024-11-19,3219.0,-0.4526272261015821
2024-11-20,4971.0,-0.6615793089192286
2024-11-21,4938.0,0.4888313199532638
2024-11-22,3492.0,-1.4606743939308453
2024-11-23,1248.0,-2.105819617521488
2024-11-24,744.0,-0.614904453401188
2024-11-25,1944.0,0.053624309916007466
2024-11-26,2916.0,-1.446893382971459
2024-11-27,1869.0,-0.6351195478830868
2024-11-28,1644.0,-0.4830015015551398
2024-11-29,2139.0,0.658570983216836
2024-11-30,1239.0,0.5084609453496741
2024-12-01,912.0,-1.1195461245399065
2024-12-02,1992.0,-0.47069652825951097
2024-12-03,2184.0,-1.0983190760174122
2024-12-04,2598.0,-0.8795778610463507
2024-12-05,5064.0,-0.4931496301559379
2024-12-06,3702.0,-0.47963860719171303
2024-12-07,1068.0,-1.1805070036487324
2024-12-08,825.0,-0.7822376765270386
2024-12-09,1851.0,-0.4500467057368568
2024-12-10,1929.0,-0.32796877128947716
2024-12-11,2025.0,-0.5779460613287796
2024-12-12,1734.0,-0.020007208094635957
2025-02-01,448.0,0.4257249163220905
2025-02-02,418.0,-0.343763540176339
2025-02-03,1618.0,-1.7574107537739643
2025-02-04,1072.0,-0.6599337443673461
2025-02-05,1196.0,-0.30996804006205975
2025-02-06,1264.0,-1.0682585057311291
2025-02-07,908.0,-0.500979821693746
2025-02-08,430.0,0.21595491562610286
2025-02-09,368.0,-0.7439585410691599
2025-02-10,748.0,-1.2673809030845669
2025-02-11,1352.0,-1.4731804357683966
2025-02-12,1798.0,-0.9364927635896909
2025-02-13,1426.0,-1.0530083695604122
2025-02-14,1380.0,-1.4631076737400994
2025-02-15,532.0,-1.7186352664456541
2025-02-16,484.0,-2.085154260512648
2025-02-17,1200.0,-1.2654877412550172
2025-02-18,978.0,-1.5069304543048356
2025-02-19,900.0,-0.981229757530549
2025-02-20,862.0,-1.0092313579235317
2025-02-21,898.0,-0.7387496153079345
2025-02-22,688.0,-1.459463328566059
2025-02-23,372.0,-0.8666631966843378
2025-02-24,774.0,-1.2859288875844448
2025-02-25,1688.0,-1.8267331026009086
2025-02-26,1424.0,-1.4850630558832167
2025-02-27,1402.0,-2.491680474172299
2025-02-28,1336.0,-1.451754809722599
2025-03-01,500.0,-1.6371400216252605
2025-03-02,532.0,-0.2634325543718417
2025-03-03,1620.0,-0.6641126066511436
2025-03-04,1732.0,-1.2843886003235059
2025-03-05,1426.0,-1.1751472915366696
2025-03-06,1100.0,-0.6468931258246299
2025-03-07,2138.0,-1.1373543449663057
2025-03-08,918.0,-0.7365806151644899
2025-03-09,330.0,-0.1947765935663207
2025-03-10,1534.0,-1.7572034708129944
2025-03-11,1408.0,-1.6304378508058988
2025-03-12,1016.0,-0.6043995444927068
2025-03-13,1050.0,-1.8281859904533733
2025-03-14,1040.0,-1.5245368031494217
2025-03-15,382.0,-0.6201966185927567
2025-03-16,292.0,-1.2011818912143808
2025-03-17,746.0,-0.46321329699523556
2025-03-18,1068.0,-0.37552106777829475
2025-03-19,1282.0,-1.1782746421436663
2025-03-20,1352.0,-0.8395930557757828
2025-03-21,1010.0,-0.9914283720694305
2025-03-22,450.0,0.23667943899727906
2025-03-23,248.0,-0.18922292537994187
2025-03-24,820.0,-0.5093913328272972
2025-03-25,1100.0,0.2139657027980885
2025-03-26,1192.0,-0.26967207783559405
2025-03-27,974.0,-0.2301395555434917
2025-03-28,976.0,-0.4514731262265795
2025-03-29,698.0,-2.9022899118345955
2025-03-30,384.0,-0.5905091774059784
2025-03-31,828.0,0.04349238494830327
2025-04-01,1464.0,0.28827601524527363
2025-04-02,978.0,-0.6920026765363918
2025-04-03,558.0,-1.0972345414116476
2025-04-04,488.0,-0.5041610107255676
2025-04-05,288.0,-2.272181318911927
2025-04-06,171.0,-0.8565639847082777
2025-04-07,1138.0,-2.313088538597587
2025-04-08,821.0,-1.7386628407417015
2025-04-09,586.0,-2.0702017870588922
2025-04-10,506.0,-1.1949070273348952
2025-04-11,474.0,-0.7934562117314191
2025-04-12,187.0,-0.5438200651666688
2025-04-13,255.0,-0.4088330106758964
2025-04-14,531.0,-0.2843564317121224
2025-04-15,438.0,-0.5197659917869604
2025-04-16,412.0,-0.9814055402909577
2025-04-17,474.0,-1.0187145207119712
2025-04-18,335.0,-1.3591674214839273
2025-04-19,152.0,-1.1782769540468738
2025-04-20,105.0,-1.5779475993247036
2025-04-21,436.0,-1.4908839142817591
2025-04-22,468.0,-0.7817796833331344
2025-04-23,446.0,-0.737556656092766
2025-04-24,541.0,-0.7391784182154362
2025-04-25,447.0,-0.7819781730656006
2025-04-26,187.0,-0.5678687997984677
2025-04-27,114.0,0.2829811275808854
2025-04-28,326.0,0.13180479326063715
2025-04-29,385.0,-0.15929801028296545
2025-04-30,537.0,-0.8160771233383509
2025-05-01,454.0,-0.39559116981609954
2025-05-02,459.0,-0.8109155159350692
2025-05-03,199.0,-0.18391860886446432
2025-05-04,228.0,-2.3484932488760117
2025-05-05,523.0,-1.4097733052212698
2025-05-06,433.0,-0.4822964550025273
2025-05-07,436.0,-0.26672800367397975
2025-05-08,620.0,-0.25557646884019136
2025-05-09,609.0,-0.642994986242666
2025-05-10,183.0,-0.3763797176993532
2025-06-14,0.0,
2025-06-15,0.0,
2025-06-16,0.0,
2025-06-17,0.0,
2025-06-18,0.0,
2025-06-19,0.0,
2025-06-20,0.0,
2025-06-21,0.0,
2025-06-22,0.0,
2025-06-23,0.0,
2025-06-24,0.0,
2025-06-25,0.0,
2025-06-26,0.0,
2025-06-27,0.0,
2025-06-28,0.0,
2025-06-29,0.0,
2025-06-30,0.0,
2025-07-01,0.0,
2025-07-02,567.0,-0.19247857087273187
2025-07-03,590.0,-0.21836348521571258
2025-07-04,472.0,0.3536068832999558
2025-07-05,212.0,0.46064411819867074
2025-07-06,208.0,0.5096609945385621
2025-07-07,676.0,-0.2854618532302408
2025-07-08,525.0,0.46564809615633523
2025-07-09,580.0,-0.44715682886325114
2025-07-10,671.0,0.6904041364521151
2025-07-11,910.0,-0.14729164294057112
2025-07-12,302.0,1.2747596058580601
2025-07-13,259.0,1.0691661736710925
2025-07-14,1166.0,-0.3001721590203356
2025-07-15,897.0,0.13649927964200942
2025-07-16,897.0,0.024057413025696327
2025-07-17,791.0,0.1502195981027327
2025-07-18,1115.0,0.6090117058451432
2025-07-19,471.0,0.32492171349288745
2025-07-20,265.0,0.5187117855407377
2025-07-21,749.0,0.5500586507603155
2025-07-22,579.0,-0.14718384407672133
2025-07-23,444.0,-0.5260722998912815
2025-07-24,629.0,-0.6485924835814777
2025-07-25,457.0,-0.6415902623105554
2025-07-26,165.0,-0.947015927715529
2025-07-27,185.0,-0.7239984959739441
2025-07-28,370.0,-0.33962652944395666
2025-07-29,438.0,-1.2444861453965328
2025-07-30,531.0,-0.659493802359984
2025-07-31,474.0,0.4152957267005595
2025-08-01,441.0,-0.28287783911541337
2025-08-02,194.0,-0.17641995727660711
2025-08-03,133.0,0.03552172570336704
2025-08-04,319.0,-0.2626958633921159
2025-08-05,400.0,-0.8625953036995591
2025-08-06,612.0,-1.2997225810795652
2025-08-07,586.0,-0.701223006007722
2025-08-08,619.0,-0.44729209650673346
2025-08-09,269.0,0.053436599833302185
2025-08-10,157.0,-0.4592621716764622
2025-08-11,338.0,-0.3221364938259213
2025-08-12,551.0,-1.494197967092324
2025-08-13,564.0,-0.9582405874486248
2025-09-06,251.0,-0.11411886246359952
2025-09-07,110.0,-0.5384594163890799
2025-09-08,433.0,0.31572506863386024
2025-09-09,476.0,-0.618164650736243
2025-09-10,476.0,-0.21346928958593453
2025-09-11,365.0,-0.1947323972485207
2025-09-12,311.0,-0.23125831097300129
2025-09-13,299.0,-2.738634917782132
2025-09-14,142.0,-1.4453622439782225
2025-09-15,383.0,-0.8305340770726897
2025-09-16,509.0,-0.9387745974143511
2025-09-17,492.0,-0.8385801266834059
2025-09-18,435.0,-0.9466055173745029
2025-09-19,400.0,-0.6959434089450843
2025-09-20,192.0,-1.3116427307406584
2025-09-21,107.0,-0.16312876934115475
2025-09-22,493.0,0.3092230523531051
2025-09-23,489.0,0.01340451339031946
2025-09-24,725.0,-0.10986434366439352
2025-09-25,556.0,-0.46157418183298066
2025-09-26,422.0,-0.5279788500577862
2025-09-27,418.0,-0.3833504384298683
2025-09-28,248.0,-0.7100177515529117
2025-09-29,860.0,-0.927273886155473
2025-09-30,946.0,-0.6382997241338516
2025-10-01,810.0,0.09477686134786674
2025-10-02,850.0,0.17461071372763573
2025-10-03,752.0,-0.0707683605342674
2025-10-04,372.0,-0.9271485777914505
2025-10-05,384.0,-0.17127182202509536
2025-10-06,880.0,0.4041872937844115
2025-10-07,1126.0,-0.060953763237172394
2025-10-08,794.0,-0.017575615313170825
2025-10-09,932.0,0.36484667572481405
2025-10-10,826.0,-0.20744585788896677
2025-10-11,610.0,-2.242926653961178
2025-10-12,378.0,-2.731836822055175
2025-10-13,1184.0,-0.8812930504835502
2025-10-14,1228.0,-1.960870751079646
2025-10-15,1638.0,-3.465357550271228
2025-10-16,1162.0,-1.1899733496641218
2025-10-17,1186.0,-0.9806434325375079
2025-10-18,380.0,-1.3579562324626027
2025-10-19,266.0,-0.5430276644261867
2025-10-20,776.0,-0.5791372407767548
2025-10-21,1022.0,-0.7073483106517627
2025-10-22,1162.0,-0.8420694956743048
2025-10-23,2318.0,-2.169788271242717
2025-10-24,1456.0,-1.5291117635833633
2025-10-25,740.0,-1.3349786324710042
2025-10-26,336.0,-0.10583881606032544
2025-10-27,1028.0,0.6778499716835517
2025-10-28,862.0,0.2297836694825844
2025-10-29,1088.0,-0.23311963308521513
2025-10-30,882.0,0.009146377346368115
2025-10-31,790.0,-0.8721830808216194
2025-11-01,408.0,-1.1857251958279387
2025-11-02,342.0,-1.2862262404903924
2025-11-03,1120.0,-1.4986936076022503
2025-11-04,1088.0,-1.4560072491285383
2025-11-05,1564.0,-1.5312144196093884
2025-11-06,898.0,-0.9804609868044637
2025-11-07,850.0,-0.6785162270300535
2025-11-08,510.0,-0.9680035858955318
2025-11-09,356.0,-0.5549206184889969
2025-11-10,1096.0,-0.6170128563493613
2025-11-11,1252.0,-1.6461470678370185
2025-11-12,1430.0,-0.9368031097617565
2025-11-13,1136.0,-0.43513561348759133
2025-11-14,1290.0,-1.1757705009219703
2025-11-15,526.0,-1.0094771653317058
2025-11-16,420.0,-1.160671011874336
2025-11-17,1134.0,-1.0788331807390397
2025-11-18,1560.0,-1.6274215276454809
2025-11-19,1554.0,-1.4878149881454568
2025-11-20,1326.0,-0.925128372327197
2025-11-21,1970.0,-1.8902665716854454
2025-11-22,488.0,-0.881699072689959
2025-11-23,464.0,-1.1338941339675297
2025-11-24,1376.0,-0.5723611046695137
2025-11-25,1246.0,-1.1566274022134246
2025-11-26,936.0,-0.9306423865966504
2025-11-27,436.0,-0.36302891546128574
2025-11-28,421.0,-0.8037259092887294
2025-11-29,236.0,-0.0886657370974097
2025-11-30,160.0,-1.434878456205757
2025-12-01,720.0,-1.7312798409598016
2025-12-02,914.0,-1.1320115903098238
2025-12-03,840.0,-0.2463265355450748
2025-12-04,731.0,-1.6430709447942733
2025-12-05,507.0,-1.224646153428086
2025-12-06,319.0,-3.100501984239444
2025-12-07,243.0,-2.054158831849486
2025-12-08,492.0,-0.5740952581339728
2025-12-09,512.0,-0.06566912132764922
2025-12-10,624.0,-1.2590536161944994
2025-12-11,689.0,-1.3566608516384768
2025-12-12,838.0,-2.229308074827326
2025-12-13,208.0,0.11026340962882124
2025-12-14,145.0,-0.5921306853469988
2025-12-15,488.0,-0.32406780296535853
2025-12-16,859.0,-1.041329318969165
2025-12-17,681.0,-1.6328616051615765
2025-12-18,758.0,-1.0776341193619285
2025-12-19,585.0,-1.025787351247066
2025-12-20,192.0,-1.185699574984035
2025-12-21,162.0,-0.3539069180551658
2025-12-22,440.0,-0.2716130794462144
2025-12-23,437.0,-0.4300327724919012
2025-12-24,275.0,-0.4782626069971934
2025-12-25,186.0,-0.2578536683157353
2025-12-26,274.0,0.15270090783029527
2025-12-27,143.0,-0.5578828312987907
2025-12-28,182.0,-0.6890662632443478
2025-12-29,346.0,-0.1884744468490761
2025-12-30,445.0,-1.6239586212440877
2025-12-31,403.0,-0.6342678793216628
2026-01-01,344.0,-1.798268276572331
2026-01-02,356.0,-0.8222899358881365
