data,liczba_wzmianek,sredni_tone,zrodlo
2015-12-21,93,0.425799573177361,gdelt_gkg_balanced
2015-12-22,117,-0.6719530043392599,gdelt_gkg_balanced
2015-12-23,119,-0.23792877787973168,gdelt_gkg_balanced
2015-12-24,97,-0.3168622205178917,gdelt_gkg_balanced
2015-12-25,45,0.15320489357391934,gdelt_gkg_balanced
2015-12-26,29,-0.8406429027884331,gdelt_gkg_balanced
2015-12-27,37,-1.2119671167114099,gdelt_gkg_balanced
2015-12-28,92,-0.4947025420656167,gdelt_gkg_balanced
2015-12-29,93,-0.551584950740637,gdelt_gkg_balanced
2015-12-30,111,-0.20860597567005457,gdelt_gkg_balanced
2015-12-31,81,-0.7058822272072649,gdelt_gkg_balanced
2016-01-01,35,-0.7235896113255221,gdelt_gkg_balanced
2016-01-02,42,-0.1810173550149727,gdelt_gkg_balanced
2016-01-03,35,-0.3982823679539909,gdelt_gkg_balanced
2016-01-04,98,0.30462446103171953,gdelt_gkg_balanced
2016-01-05,71,-0.05764792680285102,gdelt_gkg_balanced
2016-01-06,134,-0.23292603094067305,gdelt_gkg_balanced
2016-01-07,109,-1.0498470636023272,gdelt_gkg_balanced
2016-01-08,136,-1.3969393841921574,gdelt_gkg_balanced
2016-01-09,33,-1.1434025432810027,gdelt_gkg_balanced
2016-01-10,40,-0.27548967176025263,gdelt_gkg_balanced
2016-01-11,147,-0.9830345271936245,gdelt_gkg_balanced
2016-01-12,177,-1.488502164626263,gdelt_gkg_balanced
2016-01-13,148,-0.9844430231833324,gdelt_gkg_balanced
2016-01-14,181,-0.6131045226158268,gdelt_gkg_balanced
2016-01-15,154,-2.3870603922425477,gdelt_gkg_balanced
2016-01-16,59,-1.7223624311615517,gdelt_gkg_balanced
2016-01-17,57,-1.3844771570738497,gdelt_gkg_balanced
2016-01-18,106,-1.0775102625374156,gdelt_gkg_balanced
2016-01-19,138,-0.2927398335554864,gdelt_gkg_balanced
2016-01-20,184,-0.8621708938140421,gdelt_gkg_balanced
2016-01-21,157,-0.622136749646923,gdelt_gkg_balanced
2016-01-22,162,-0.05442378516859256,gdelt_gkg_balanced
2016-01-23,54,-0.6718106592058606,gdelt_gkg_balanced
2016-01-24,51,-1.1989606693307813,gdelt_gkg_balanced
2016-01-25,143,0.3686233870704316,gdelt_gkg_balanced
2016-01-26,111,0.07680804570111721,gdelt_gkg_balanced
2016-01-27,108,-1.1496751616799559,gdelt_gkg_balanced
2016-01-28,156,-0.6054562616914936,gdelt_gkg_balanced
2016-01-29,113,-0.0380413114714162,gdelt_gkg_balanced
2016-01-30,42,-1.106545101029317,gdelt_gkg_balanced
2016-01-31,43,-1.3048217351655635,gdelt_gkg_balanced
2016-02-01,133,-1.2190497515298155,gdelt_gkg_balanced
2016-02-02,199,-1.9049683843000806,gdelt_gkg_balanced
2016-02-03,133,-0.5107573826693089,gdelt_gkg_balanced
2016-02-04,135,-0.9075795376009368,gdelt_gkg_balanced
2016-02-05,105,-0.11503421620018764,gdelt_gkg_balanced
2016-02-06,37,-0.788223867275744,gdelt_gkg_balanced
2016-02-07,48,-0.005596824700623652,gdelt_gkg_balanced
2016-02-08,98,0.2718130579634501,gdelt_gkg_balanced
2016-02-09,129,-0.21635635726150068,gdelt_gkg_balanced
2016-02-10,106,-0.39974549126758313,gdelt_gkg_balanced
2016-02-11,103,-0.1051881357005084,gdelt_gkg_balanced
2016-02-12,112,-0.7967981256400785,gdelt_gkg_balanced
2016-02-13,31,-1.0210972698522003,gdelt_gkg_balanced
2016-02-14,35,-1.471301987077997,gdelt_gkg_balanced
2016-02-15,96,-0.9828591510973897,gdelt_gkg_balanced
2016-02-16,169,-0.1778345005607295,gdelt_gkg_balanced
2016-02-17,206,-0.693633903351163,gdelt_gkg_balanced
2016-02-18,461,-2.9513412385410454,gdelt_gkg_balanced
2016-02-19,246,-1.8690795403789349,gdelt_gkg_balanced
2016-05-02,1394,-0.8886786722768618,gdelt_gkg_balanced
2016-05-03,832,-0.8777305282166274,gdelt_gkg_balanced
2016-05-04,395,-0.8073210310887362,gdelt_gkg_balanced
2016-05-05,501,-0.7274532807163284,gdelt_gkg_balanced
2016-05-06,414,-0.7221964460408414,gdelt_gkg_balanced
2016-05-07,190,-2.3566917482295984,gdelt_gkg_balanced
2016-05-08,128,-0.8310774630007993,gdelt_gkg_balanced
2016-05-09,205,-1.2806683337099993,gdelt_gkg_balanced
2016-05-10,203,0.06852738191583238,gdelt_gkg_balanced
2016-05-11,213,0.6675279079227191,gdelt_gkg_balanced
2016-05-12,169,0.32801985093160474,gdelt_gkg_balanced
2016-05-13,149,-0.5800436256107918,gdelt_gkg_balanced
2016-05-14,72,-0.39194718698626374,gdelt_gkg_balanced
2016-05-15,55,-0.2386625547146778,gdelt_gkg_balanced
2016-05-16,106,-0.17719221460708615,gdelt_gkg_balanced
2016-05-17,174,0.4029674991752893,gdelt_gkg_balanced
2016-05-18,288,-0.889711299615483,gdelt_gkg_balanced
2016-05-19,204,-0.9597328301058808,gdelt_gkg_balanced
2016-05-20,175,-0.8970052942962223,gdelt_gkg_balanced
2016-05-21,72,0.2637546342172602,gdelt_gkg_balanced
2016-05-22,71,-0.39629554739488493,gdelt_gkg_balanced
2016-05-23,150,-0.13745079875749686,gdelt_gkg_balanced
2016-05-24,179,-0.5562428193717419,gdelt_gkg_balanced
2016-05-25,186,-0.6163376713111087,gdelt_gkg_balanced
2016-05-26,186,-1.355401946451292,gdelt_gkg_balanced
2016-05-27,159,-0.8665526857351936,gdelt_gkg_balanced
2016-05-28,57,-0.34197024396970466,gdelt_gkg_balanced
2016-05-29,106,-0.1833242701164723,gdelt_gkg_balanced
2016-05-30,288,-0.830927547164432,gdelt_gkg_balanced
2016-05-31,349,-1.4340039462627674,gdelt_gkg_balanced
2016-06-01,247,-1.5543390573812543,gdelt_gkg_balanced
2016-06-02,167,-1.5680805167545402,gdelt_gkg_balanced
2016-06-03,148,-1.0840511335223273,gdelt_gkg_balanced
2016-06-04,92,-1.6141575354909354,gdelt_gkg_balanced
2016-06-05,66,-0.2401956413566593,gdelt_gkg_balanced
2016-06-06,286,-2.382018598571982,gdelt_gkg_balanced
2016-06-07,227,-1.2080808195099304,gdelt_gkg_balanced
2016-06-08,180,-0.8889162913946349,gdelt_gkg_balanced
2016-06-09,254,-1.9227807001179156,gdelt_gkg_balanced
2016-06-10,223,-2.8808002603022254,gdelt_gkg_balanced
2016-06-11,58,-0.8195254156433985,gdelt_gkg_balanced
2016-06-12,44,-0.8215313551067105,gdelt_gkg_balanced
2016-06-13,252,-0.5367290801790726,gdelt_gkg_balanced
2016-06-14,347,-0.5921652128542811,gdelt_gkg_balanced
2016-06-15,225,-0.685263099200993,gdelt_gkg_balanced
2016-06-16,205,-0.2538744930964983,gdelt_gkg_balanced
2016-06-17,220,-0.9958765629206957,gdelt_gkg_balanced
2016-06-18,141,-2.20167413130062,gdelt_gkg_balanced
2016-06-19,72,-0.9036539852827139,gdelt_gkg_balanced
2016-06-20,191,-0.7633389313947013,gdelt_gkg_balanced
2016-06-21,197,-0.26688329291646307,gdelt_gkg_balanced
2016-06-22,155,-1.0235642947392292,gdelt_gkg_balanced
2016-06-23,260,-0.4607221484380893,gdelt_gkg_balanced
2016-06-24,314,0.1924814795891571,gdelt_gkg_balanced
2016-06-25,84,-0.7805609269390743,gdelt_gkg_balanced
2016-06-26,58,-0.4925753330835397,gdelt_gkg_balanced
2016-06-27,173,-0.3671380782709871,gdelt_gkg_balanced
2016-06-28,194,-0.46351429759350055,gdelt_gkg_balanced
2016-06-29,170,-0.1837629203615352,gdelt_gkg_balanced
2016-06-30,127,0.43566597364136317,gdelt_gkg_balanced
2016-07-01,120,-0.6445661125613847,gdelt_gkg_balanced
2016-11-23,168,-0.313755477769211,gdelt_gkg_balanced
2016-11-24,98,-0.8626802715417764,gdelt_gkg_balanced
2016-11-25,128,-0.21918133958893574,gdelt_gkg_balanced
2016-11-26,75,-0.2423027938419744,gdelt_gkg_balanced
2016-11-27,81,-0.5272214759004559,gdelt_gkg_balanced
2016-11-28,272,-1.7529157583947745,gdelt_gkg_balanced
2016-11-29,353,-1.380019093496452,gdelt_gkg_balanced
2016-11-30,187,-1.4174239288522938,gdelt_gkg_balanced
2016-12-01,297,-1.2098219822707938,gdelt_gkg_balanced
2016-12-02,169,-1.319919449466035,gdelt_gkg_balanced
2016-12-03,93,-0.6472533168454278,gdelt_gkg_balanced
2016-12-04,75,-0.36871541203306923,gdelt_gkg_balanced
2016-12-05,173,-1.5472621298730924,gdelt_gkg_balanced
2016-12-06,204,-1.7264580037269361,gdelt_gkg_balanced
2016-12-07,206,-0.6057006020609795,gdelt_gkg_balanced
2016-12-08,292,-0.4805299171573035,gdelt_gkg_balanced
2016-12-09,231,-0.8129146460225872,gdelt_gkg_balanced
2016-12-10,173,-1.0090022446504936,gdelt_gkg_balanced
2016-12-11,157,-0.7007619523661991,gdelt_gkg_balanced
2016-12-12,159,-1.19557896608996,gdelt_gkg_balanced
2016-12-13,245,-1.9592782851187038,gdelt_gkg_balanced
2016-12-14,160,-1.1223974600131814,gdelt_gkg_balanced
2016-12-15,182,-1.8418979903956993,gdelt_gkg_balanced
2016-12-16,272,-0.30383607960990267,gdelt_gkg_balanced
2016-12-17,741,1.6551456761499928,gdelt_gkg_balanced
2016-12-18,70,-1.1678846940859144,gdelt_gkg_balanced
2016-12-19,153,-0.5554462748005867,gdelt_gkg_balanced
2016-12-20,179,-1.0695915967999474,gdelt_gkg_balanced
2016-12-21,219,-0.8014309278856255,gdelt_gkg_balanced
2016-12-22,196,-0.48752836193094573,gdelt_gkg_balanced
2016-12-23,180,-0.31473039457009006,gdelt_gkg_balanced
2016-12-24,75,-1.0214543369006306,gdelt_gkg_balanced
2016-12-25,65,-0.8332069567626871,gdelt_gkg_balanced
2016-12-26,97,-0.5746981949286617,gdelt_gkg_balanced
2016-12-27,155,-0.6409713423877041,gdelt_gkg_balanced
2016-12-28,208,-1.0083633895804478,gdelt_gkg_balanced
2016-12-29,180,-1.5071050142445905,gdelt_gkg_balanced
2016-12-30,136,-1.1111897834818425,gdelt_gkg_balanced
2016-12-31,157,-0.9246798185113964,gdelt_gkg_balanced
2017-01-01,320,-1.2526124417743387,gdelt_gkg_balanced
2017-01-02,254,-0.7743148212527793,gdelt_gkg_balanced
2017-01-03,340,-1.0450535586694294,gdelt_gkg_balanced
2017-01-04,352,-1.292546811214227,gdelt_gkg_balanced
2017-01-05,362,-0.9940837743544518,gdelt_gkg_balanced
2017-01-06,352,-1.2396724966938804,gdelt_gkg_balanced
2017-01-07,147,-1.6288382747083872,gdelt_gkg_balanced
2017-01-08,99,-0.7632420782244633,gdelt_gkg_balanced
2017-01-09,334,-1.8295903605542458,gdelt_gkg_balanced
2017-01-10,256,-1.665179899383654,gdelt_gkg_balanced
2017-01-11,294,-1.1339777557210926,gdelt_gkg_balanced
2017-01-12,312,-1.225243098380302,gdelt_gkg_balanced
2017-01-13,241,-1.2382106704962224,gdelt_gkg_balanced
2017-01-14,99,-1.8091524267010588,gdelt_gkg_balanced
2017-01-15,128,-1.500289868156863,gdelt_gkg_balanced
2017-01-16,214,-1.3648378943241724,gdelt_gkg_balanced
2017-01-17,292,-1.572210547899249,gdelt_gkg_balanced
2017-01-18,264,-1.4136542028722203,gdelt_gkg_balanced
2017-01-19,256,-0.7598567554429151,gdelt_gkg_balanced
2017-01-20,169,-0.8168286963887252,gdelt_gkg_balanced
2017-01-21,78,-0.3766043706000751,gdelt_gkg_balanced
2017-01-22,65,-0.5565523201219966,gdelt_gkg_balanced
2017-02-11,140,-1.2924010183823351,gdelt_gkg_balanced
2017-02-12,76,-0.9907352883173296,gdelt_gkg_balanced
2017-02-13,192,-1.605794252051208,gdelt_gkg_balanced
2017-02-14,215,-1.2460060492954612,gdelt_gkg_balanced
2017-02-15,202,-0.5876667480546998,gdelt_gkg_balanced
2017-02-16,185,-1.518721803751088,gdelt_gkg_balanced
2017-02-17,142,-0.22963268802655024,gdelt_gkg_balanced
2017-02-18,79,-0.36768743572195034,gdelt_gkg_balanced
2017-02-19,49,-0.607558638978217,gdelt_gkg_balanced
2017-02-20,164,-0.49683380401430327,gdelt_gkg_balanced
2017-02-21,184,-0.33358200483036593,gdelt_gkg_balanced
2017-02-22,178,-0.1861879751343346,gdelt_gkg_balanced
2017-02-23,170,0.22449334346787816,gdelt_gkg_balanced
2017-02-24,257,-0.37337427316280275,gdelt_gkg_balanced
2017-02-25,71,-1.1126534365155567,gdelt_gkg_balanced
2017-02-26,94,-0.4428491958969411,gdelt_gkg_balanced
2017-02-27,189,-0.02174796571327006,gdelt_gkg_balanced
2017-02-28,269,-1.032570531756514,gdelt_gkg_balanced
2017-03-01,208,0.052904861692770415,gdelt_gkg_balanced
2017-03-02,212,-0.01892907193241719,gdelt_gkg_balanced
2017-03-03,367,-0.14817520392787348,gdelt_gkg_balanced
2017-03-04,132,-0.7822937600233515,gdelt_gkg_balanced
2017-03-05,91,-1.0903248919442785,gdelt_gkg_balanced
2017-03-06,257,-1.0780991961639252,gdelt_gkg_balanced
2017-03-07,172,-0.4269903669539667,gdelt_gkg_balanced
2017-03-08,219,-1.067856609418397,gdelt_gkg_balanced
2017-03-09,167,0.037617407745093305,gdelt_gkg_balanced
2017-03-10,241,-1.5015846409585871,gdelt_gkg_balanced
2017-03-11,194,-1.0830472244785792,gdelt_gkg_balanced
2017-03-12,88,-0.9351157204333757,gdelt_gkg_balanced
2017-03-13,262,-0.6909132552438586,gdelt_gkg_balanced
2017-03-14,235,-0.19760466119829867,gdelt_gkg_balanced
2017-03-15,215,-1.2560872573598136,gdelt_gkg_balanced
2017-03-16,186,-1.0230704816904466,gdelt_gkg_balanced
2017-03-17,180,-1.0286296421900005,gdelt_gkg_balanced
2017-03-18,103,-0.5382548038825313,gdelt_gkg_balanced
2017-03-19,89,-0.9511237599063896,gdelt_gkg_balanced
2017-03-20,214,-0.5502786782697798,gdelt_gkg_balanced
2017-03-21,191,-0.6032256861986718,gdelt_gkg_balanced
2017-03-22,281,-1.9415030824047135,gdelt_gkg_balanced
2017-03-23,255,-2.254965444629037,gdelt_gkg_balanced
2017-03-24,188,-1.895420004348124,gdelt_gkg_balanced
2017-03-25,76,-2.0638073592986705,gdelt_gkg_balanced
2017-03-26,238,-5.5303676153499035,gdelt_gkg_balanced
2017-03-27,176,-1.3918648352527718,gdelt_gkg_balanced
2017-03-28,161,-0.7787605233726081,gdelt_gkg_balanced
2017-03-29,140,-1.0540943669722556,gdelt_gkg_balanced
2017-03-30,176,-0.5071236671780219,gdelt_gkg_balanced
2017-03-31,130,-0.4369342702101453,gdelt_gkg_balanced
2017-04-01,57,-1.1550396246938543,gdelt_gkg_balanced
2017-04-02,88,-1.5208616873681735,gdelt_gkg_balanced
2017-04-03,199,-1.2529803766726195,gdelt_gkg_balanced
2017-04-04,172,-0.6672027045272995,gdelt_gkg_balanced
2017-04-05,211,-0.43372387851384764,gdelt_gkg_balanced
2017-04-06,177,0.23217443984136105,gdelt_gkg_balanced
2017-04-07,131,-0.42234176087277925,gdelt_gkg_balanced
2017-04-08,66,-1.5169918493792915,gdelt_gkg_balanced
2017-04-09,62,-0.9478517857401547,gdelt_gkg_balanced
2017-04-10,178,-0.5972338530489482,gdelt_gkg_balanced
2017-04-11,174,-1.2563959916092378,gdelt_gkg_balanced
2017-04-12,207,-0.8394267023007411,gdelt_gkg_balanced
2017-06-20,229,-0.6208078657454055,gdelt_gkg_balanced
2017-06-21,228,-0.19791103100678828,gdelt_gkg_balanced
2017-06-22,447,-0.8671452392752224,gdelt_gkg_balanced
2017-06-23,192,-0.30032793753430864,gdelt_gkg_balanced
2017-06-24,86,-1.065563141710614,gdelt_gkg_balanced
2017-06-25,64,-1.6116241097538213,gdelt_gkg_balanced
2017-06-26,211,-0.09729299220243749,gdelt_gkg_balanced
2017-06-27,781,-3.622518858041708,gdelt_gkg_balanced
2017-06-28,1315,-4.107886805275517,gdelt_gkg_balanced
2017-06-29,565,-3.157915885155218,gdelt_gkg_balanced
2017-06-30,375,-3.4833656440615903,gdelt_gkg_balanced
2017-07-01,177,-1.3883756928802387,gdelt_gkg_balanced
2017-07-02,140,-1.0076969929910047,gdelt_gkg_balanced
2017-07-03,274,-1.02948893806609,gdelt_gkg_balanced
2017-07-04,182,-0.6364766327119362,gdelt_gkg_balanced
2017-07-05,315,-3.3031121196880013,gdelt_gkg_balanced
2017-07-06,279,-2.5924643874704083,gdelt_gkg_balanced
2017-07-07,251,-1.229932216829843,gdelt_gkg_balanced
2017-07-08,105,-1.2237643994882144,gdelt_gkg_balanced
2017-07-09,78,-2.154173723899998,gdelt_gkg_balanced
2017-07-10,236,-2.264476920388903,gdelt_gkg_balanced
2017-07-11,459,-3.469447319118009,gdelt_gkg_balanced
2017-07-12,319,-0.4608451609769077,gdelt_gkg_balanced
2017-07-13,258,-0.7462555709581974,gdelt_gkg_balanced
2017-07-14,297,-1.5573956824883326,gdelt_gkg_balanced
2017-07-15,119,-1.5269732122646753,gdelt_gkg_balanced
2017-07-16,124,-1.139570600615131,gdelt_gkg_balanced
2017-07-17,210,-0.6106827276226712,gdelt_gkg_balanced
2017-07-18,218,-0.7728968273240127,gdelt_gkg_balanced
2017-07-19,235,-0.6678512018186119,gdelt_gkg_balanced
2017-07-20,343,-1.8726122883702385,gdelt_gkg_balanced
2017-07-21,290,-1.5760988317816322,gdelt_gkg_balanced
2017-07-22,193,-0.6323363506978654,gdelt_gkg_balanced
2017-07-23,168,-0.48282553862723365,gdelt_gkg_balanced
2017-07-24,696,-0.9076922562332062,gdelt_gkg_balanced
2017-07-25,385,-0.3194271542238674,gdelt_gkg_balanced
2017-07-26,466,-1.3472812130056946,gdelt_gkg_balanced
2017-07-27,468,-1.9869440536661909,gdelt_gkg_balanced
2017-07-28,330,-1.7118439866616564,gdelt_gkg_balanced
2017-07-29,175,-1.156378724579146,gdelt_gkg_balanced
2017-07-30,114,-0.6107949222787111,gdelt_gkg_balanced
2017-07-31,258,-0.5173584118552911,gdelt_gkg_balanced
2017-08-01,407,-0.43541928013856696,gdelt_gkg_balanced
2017-08-02,411,-0.35386601803398093,gdelt_gkg_balanced
2017-08-03,337,-1.3996533565484857,gdelt_gkg_balanced
2017-08-04,324,-2.144465359164765,gdelt_gkg_balanced
2017-08-05,158,-2.0159488874800062,gdelt_gkg_balanced
2017-08-06,130,-2.0912342682338565,gdelt_gkg_balanced
2017-08-07,343,-1.2462448288895969,gdelt_gkg_balanced
2017-08-08,346,-0.822397590535277,gdelt_gkg_balanced
2017-08-09,326,-0.48017270146161894,gdelt_gkg_balanced
2017-08-10,287,-0.29175152009895244,gdelt_gkg_balanced
2017-08-11,293,-0.549075695011706,gdelt_gkg_balanced
2017-08-12,113,-0.7657542309735282,gdelt_gkg_balanced
2017-08-13,95,-0.8556437042366736,gdelt_gkg_balanced
2017-08-14,352,-0.5628086704511692,gdelt_gkg_balanced
2017-08-15,317,-0.125238166533703,gdelt_gkg_balanced
2017-08-16,365,-0.16479406787674927,gdelt_gkg_balanced
2017-08-17,467,-0.5418135514042767,gdelt_gkg_balanced
2017-08-18,293,-0.6667730538417198,gdelt_gkg_balanced
2017-08-19,145,-0.9705970257850484,gdelt_gkg_balanced
2017-08-20,118,-0.48960846142407094,gdelt_gkg_balanced
2017-08-21,308,-0.2176561748780784,gdelt_gkg_balanced
2017-08-22,381,-0.18481818356650528,gdelt_gkg_balanced
2017-08-23,283,-0.1411310002784725,gdelt_gkg_balanced
2017-08-24,316,-0.550959203167017,gdelt_gkg_balanced
2017-08-25,258,-0.9870320253988729,gdelt_gkg_balanced
2017-08-26,114,-0.5150234303262569,gdelt_gkg_balanced
2017-08-27,79,0.059061336541800895,gdelt_gkg_balanced
2017-08-28,229,0.17683755836860077,gdelt_gkg_balanced
2017-08-29,322,0.10663925627705535,gdelt_gkg_balanced
2017-08-30,359,-0.07732357988208913,gdelt_gkg_balanced
2017-08-31,317,-0.4813206563088801,gdelt_gkg_balanced
2017-09-01,325,0.04345087283704862,gdelt_gkg_balanced
2017-09-02,226,-0.8879969201284572,gdelt_gkg_balanced
2017-09-03,187,-0.799827289400555,gdelt_gkg_balanced
2017-09-04,415,-0.6774168101756017,gdelt_gkg_balanced
2017-09-05,557,-1.3368752946808706,gdelt_gkg_balanced
2017-09-06,503,-0.008087384148937574,gdelt_gkg_balanced
2017-09-07,386,-0.4114853114392511,gdelt_gkg_balanced
2017-09-08,430,-1.0871949647423975,gdelt_gkg_balanced
2017-09-09,210,-0.9746568783130249,gdelt_gkg_balanced
2017-09-10,143,-1.040574020892773,gdelt_gkg_balanced
2017-09-11,485,-1.3320219048225874,gdelt_gkg_balanced
2017-09-12,668,-1.625350126305106,gdelt_gkg_balanced
2017-09-13,747,-1.5750407905447559,gdelt_gkg_balanced
2017-09-14,628,-1.479790019333554,gdelt_gkg_balanced
2017-09-15,784,-1.7187649028301886,gdelt_gkg_balanced
2017-09-16,252,-1.5258967549343425,gdelt_gkg_balanced
2017-09-17,268,-1.1215706050503977,gdelt_gkg_balanced
2017-09-18,554,-0.6339833110892501,gdelt_gkg_balanced
2017-09-19,652,-1.7641673330443557,gdelt_gkg_balanced
2017-09-20,415,-0.8714500210074587,gdelt_gkg_balanced
2017-09-21,424,-0.25916451031206195,gdelt_gkg_balanced
2017-09-22,390,-1.4271975754896102,gdelt_gkg_balanced
2017-09-23,194,-0.5987889878731999,gdelt_gkg_balanced
2017-09-24,159,0.10987374823405713,gdelt_gkg_balanced
2017-09-25,357,-0.7440521855377766,gdelt_gkg_balanced
2017-09-26,419,-0.6236891122590146,gdelt_gkg_balanced
2017-09-27,508,-0.5702772260979343,gdelt_gkg_balanced
2017-09-28,491,-0.25648514485455776,gdelt_gkg_balanced
2017-09-29,636,-2.2815693285840912,gdelt_gkg_balanced
2017-09-30,247,-1.445428755076653,gdelt_gkg_balanced
2017-10-01,200,-1.5932628234381376,gdelt_gkg_balanced
2017-10-02,378,-0.750701333112572,gdelt_gkg_balanced
2017-10-03,446,0.05790673468286099,gdelt_gkg_balanced
2017-10-04,482,-1.6023372177320572,gdelt_gkg_balanced
2017-10-05,344,-0.5319433911725706,gdelt_gkg_balanced
2017-10-06,405,-0.39994086800438006,gdelt_gkg_balanced
2017-10-07,191,-0.3571909974354943,gdelt_gkg_balanced
2017-10-08,151,0.03267892043424564,gdelt_gkg_balanced
2017-10-09,318,-0.27692237008051657,gdelt_gkg_balanced
2017-10-10,474,-0.7046519708626564,gdelt_gkg_balanced
2017-10-11,540,-1.3328047111950425,gdelt_gkg_balanced
2017-10-12,569,-0.6381064824861613,gdelt_gkg_balanced
2017-10-13,720,-0.3834606542621685,gdelt_gkg_balanced
2017-10-14,177,-0.0001708250285444725,gdelt_gkg_balanced
2017-10-15,190,-0.576489444607611,gdelt_gkg_balanced
2017-10-16,462,-0.4208960466580822,gdelt_gkg_balanced
2017-10-17,554,-1.1354942102623464,gdelt_gkg_balanced
2017-10-18,518,-0.9325552733599767,gdelt_gkg_balanced
2017-11-07,540,-0.189039022862912,gdelt_gkg_balanced
2017-11-08,656,-0.7818262100573506,gdelt_gkg_balanced
2017-11-09,578,-0.7408381075440518,gdelt_gkg_balanced
2017-11-10,431,-0.860088746099794,gdelt_gkg_balanced
2017-11-11,180,-0.7835874462142404,gdelt_gkg_balanced
2017-11-12,130,-0.9325243871211186,gdelt_gkg_balanced
2017-11-13,671,-1.4301464953230616,gdelt_gkg_balanced
2017-11-14,502,-0.35225791367575265,gdelt_gkg_balanced
2017-11-15,650,-0.6973155269556167,gdelt_gkg_balanced
2017-11-16,568,-0.32296884385010743,gdelt_gkg_balanced
2017-11-17,605,-0.7206369250140814,gdelt_gkg_balanced
2017-11-18,197,-0.7940140227366302,gdelt_gkg_balanced
2017-11-19,186,-0.49268134050527584,gdelt_gkg_balanced
2017-11-20,611,-0.1802010086861358,gdelt_gkg_balanced
2017-11-21,673,-0.2446380726973977,gdelt_gkg_balanced
2017-11-22,714,-0.8531902161889727,gdelt_gkg_balanced
2017-11-23,487,0.14742043255815304,gdelt_gkg_balanced
2017-11-24,345,-0.0019457874939107413,gdelt_gkg_balanced
2017-11-25,179,-0.21225641486562882,gdelt_gkg_balanced
2017-11-26,434,-0.2757252300053797,gdelt_gkg_balanced
2017-11-27,955,-0.31638176978728155,gdelt_gkg_balanced
2017-11-28,1025,-0.5254982880578924,gdelt_gkg_balanced
2017-11-29,1845,-0.6871947307583728,gdelt_gkg_balanced
2017-11-30,1460,-0.8465859252485208,gdelt_gkg_balanced
2017-12-01,1294,-1.0328448498919518,gdelt_gkg_balanced
2017-12-02,584,-1.033634604776167,gdelt_gkg_balanced
2017-12-03,484,-0.8724074497728718,gdelt_gkg_balanced
2017-12-04,1459,-1.0078071312680759,gdelt_gkg_balanced
2017-12-05,1031,-0.7755239899154521,gdelt_gkg_balanced
2017-12-06,1529,-1.4264536151561558,gdelt_gkg_balanced
2017-12-07,2304,-1.3270469480707783,gdelt_gkg_balanced
2017-12-08,2322,-1.173580456600339,gdelt_gkg_balanced
2017-12-09,682,-1.0786200621441764,gdelt_gkg_balanced
2017-12-10,717,-0.8768262045448809,gdelt_gkg_balanced
2017-12-11,2690,-0.9192266888794938,gdelt_gkg_balanced
2017-12-12,1969,-0.6682892517606959,gdelt_gkg_balanced
2017-12-13,2222,-1.1989670333652087,gdelt_gkg_balanced
2017-12-14,1517,-1.0448440818182174,gdelt_gkg_balanced
2017-12-15,2003,-1.838750525998004,gdelt_gkg_balanced
2017-12-16,631,-1.477122120035477,gdelt_gkg_balanced
2017-12-17,486,-0.9253123314682644,gdelt_gkg_balanced
2017-12-18,1359,-0.7506129817002167,gdelt_gkg_balanced
2017-12-19,1910,-2.099733489059403,gdelt_gkg_balanced
2017-12-20,1696,-1.6181944130239465,gdelt_gkg_balanced
2017-12-21,1550,-0.9911454340029493,gdelt_gkg_balanced
2017-12-22,2011,-1.1754112731266608,gdelt_gkg_balanced
2017-12-23,778,-1.280017142864537,gdelt_gkg_balanced
2017-12-24,530,-1.3216979245796687,gdelt_gkg_balanced
2017-12-25,420,-1.0630183077626953,gdelt_gkg_balanced
2017-12-26,1000,-0.8203833116438264,gdelt_gkg_balanced
2017-12-27,1267,-0.7550280662416851,gdelt_gkg_balanced
2017-12-28,1627,-1.355279259416948,gdelt_gkg_balanced
2017-12-29,1417,-1.47107302452394,gdelt_gkg_balanced
2017-12-30,560,-1.2526247730263325,gdelt_gkg_balanced
2017-12-31,418,-1.1612507471216684,gdelt_gkg_balanced
2018-01-01,492,-1.0726223902167566,gdelt_gkg_balanced
2018-01-02,1307,-0.8616437221042395,gdelt_gkg_balanced
2018-01-03,1351,-0.5162189577164737,gdelt_gkg_balanced
2018-01-04,1260,-0.8144141947399759,gdelt_gkg_balanced
2018-01-05,966,-0.6908870746579782,gdelt_gkg_balanced
2018-01-06,512,-0.9398129847643619,gdelt_gkg_balanced
2018-03-17,323,-1.0021337937881825,gdelt_gkg_balanced
2018-03-18,315,-0.8309674871595031,gdelt_gkg_balanced
2018-03-19,1311,-1.5374541815723883,gdelt_gkg_balanced
2018-03-20,1047,-1.4379993835740825,gdelt_gkg_balanced
2018-03-21,916,-0.8915644776970177,gdelt_gkg_balanced
2018-03-22,1003,-0.7707714452866635,gdelt_gkg_balanced
2018-03-23,1181,-1.3385470669482897,gdelt_gkg_balanced
2018-03-24,328,-0.7859287218672834,gdelt_gkg_balanced
2018-03-25,266,-0.7271644332641393,gdelt_gkg_balanced
2018-03-26,793,-1.2768080052891928,gdelt_gkg_balanced
2018-03-27,896,-0.9894024320088537,gdelt_gkg_balanced
2018-03-28,1007,-0.8889610242972477,gdelt_gkg_balanced
2018-03-29,914,-0.8388914698673527,gdelt_gkg_balanced
2018-03-30,554,-0.8391226584063189,gdelt_gkg_balanced
2018-03-31,322,-0.7853511856244018,gdelt_gkg_balanced
2018-04-01,281,-1.7097258871898091,gdelt_gkg_balanced
2018-04-02,586,-0.9688026975022159,gdelt_gkg_balanced
2018-04-03,870,-1.3909280794967063,gdelt_gkg_balanced
2018-04-04,748,-0.9838932870109356,gdelt_gkg_balanced
2018-04-05,858,-0.9977753919838339,gdelt_gkg_balanced
2018-04-06,914,-1.379751445464854,gdelt_gkg_balanced
2018-04-07,350,-1.1146310329959335,gdelt_gkg_balanced
2018-04-08,324,-1.1852000006161072,gdelt_gkg_balanced
2018-04-09,795,-0.6150978046050194,gdelt_gkg_balanced
2018-04-10,835,-1.395019784882746,gdelt_gkg_balanced
2018-04-11,698,-0.4522148769443061,gdelt_gkg_balanced
2018-04-12,883,-0.9060421938354672,gdelt_gkg_balanced
2018-04-13,922,-1.383170836702398,gdelt_gkg_balanced
2018-04-14,357,-1.0374406980288131,gdelt_gkg_balanced
2018-04-15,312,-0.7942362709045132,gdelt_gkg_balanced
2018-04-16,592,-0.49793167770493685,gdelt_gkg_balanced
2018-04-17,978,-1.0018927100576336,gdelt_gkg_balanced
2018-04-18,1170,-1.2940287885155282,gdelt_gkg_balanced
2018-04-19,961,-1.047565115227131,gdelt_gkg_balanced
2018-04-20,734,-0.6471923618050874,gdelt_gkg_balanced
2018-04-21,389,-0.9371616323833577,gdelt_gkg_balanced
2018-04-22,340,-0.7180470151261702,gdelt_gkg_balanced
2018-04-23,808,-1.5498627681499197,gdelt_gkg_balanced
2018-04-24,984,-0.5258968224951724,gdelt_gkg_balanced
2018-04-25,907,-0.5385977587040565,gdelt_gkg_balanced
2018-04-26,783,-0.05355662455243902,gdelt_gkg_balanced
2018-04-27,595,-0.31433798842216876,gdelt_gkg_balanced
2018-04-28,344,-0.19122212852521325,gdelt_gkg_balanced
2018-04-29,254,-0.17544300490191442,gdelt_gkg_balanced
2018-04-30,614,-0.2685248173757002,gdelt_gkg_balanced
2018-05-01,673,-0.2578620380719605,gdelt_gkg_balanced
2018-05-02,639,-0.22242080443811876,gdelt_gkg_balanced
2018-05-03,658,0.23809193656888303,gdelt_gkg_balanced
2018-05-04,627,-0.22917084111585193,gdelt_gkg_balanced
2018-05-05,413,-0.37783271292521636,gdelt_gkg_balanced
2018-05-06,345,-0.3463547715039092,gdelt_gkg_balanced
2018-05-07,692,-0.3380679107441434,gdelt_gkg_balanced
2018-05-08,743,-0.23193497197224539,gdelt_gkg_balanced
2018-05-09,695,0.17981215159257474,gdelt_gkg_balanced
2018-05-10,659,0.43877241729493566,gdelt_gkg_balanced
2018-05-11,770,-0.5241619712299093,gdelt_gkg_balanced
2018-05-12,388,-0.45717779652119894,gdelt_gkg_balanced
2018-05-13,305,0.010435569312266918,gdelt_gkg_balanced
2018-05-14,837,-0.20389930961516772,gdelt_gkg_balanced
2018-05-15,764,-0.30420803429562376,gdelt_gkg_balanced
2018-05-16,884,0.08153400429123903,gdelt_gkg_balanced
2018-10-30,439,0.008306990851844474,gdelt_gkg_balanced
2018-10-31,519,-0.3045823083621692,gdelt_gkg_balanced
2018-11-01,445,0.020076846123277137,gdelt_gkg_balanced
2018-11-02,412,0.38824770623781385,gdelt_gkg_balanced
2018-11-03,246,-1.5054141349010015,gdelt_gkg_balanced
2018-11-04,157,-0.30740633238009685,gdelt_gkg_balanced
2018-11-05,339,0.13267281988267882,gdelt_gkg_balanced
2018-11-06,423,-0.23349550203787137,gdelt_gkg_balanced
2018-11-07,356,0.034096215651499555,gdelt_gkg_balanced
2018-11-08,453,0.17877844084600084,gdelt_gkg_balanced
2018-11-09,387,-0.7914299567089706,gdelt_gkg_balanced
2018-11-10,172,-0.8378971639911207,gdelt_gkg_balanced
2018-11-11,146,-0.5012186501513349,gdelt_gkg_balanced
2018-11-12,377,-0.27246022605156356,gdelt_gkg_balanced
2018-11-13,513,-0.8710577348111354,gdelt_gkg_balanced
2018-11-14,507,-0.7047799672530497,gdelt_gkg_balanced
2018-11-15,464,-0.6413611102463558,gdelt_gkg_balanced
2018-11-16,568,-1.5698888383939233,gdelt_gkg_balanced
2018-11-17,219,-0.6719910980941337,gdelt_gkg_balanced
2018-11-18,155,-0.8357690687563024,gdelt_gkg_balanced
2018-11-19,487,-1.6102268711649006,gdelt_gkg_balanced
2018-11-20,534,-1.2629942855548466,gdelt_gkg_balanced
2018-11-21,455,-1.3317447169939336,gdelt_gkg_balanced
2018-11-22,350,-0.6404246101340815,gdelt_gkg_balanced
2018-11-23,326,-1.3465624892030572,gdelt_gkg_balanced
2018-11-24,205,-0.7237220199126113,gdelt_gkg_balanced
2018-11-25,181,-0.7080261842432868,gdelt_gkg_balanced
2018-11-26,581,-1.0496776295525643,gdelt_gkg_balanced
2018-11-27,547,-0.8802969093778457,gdelt_gkg_balanced
2018-11-28,573,-1.7437814722344351,gdelt_gkg_balanced
2018-11-29,496,-1.6126017226392864,gdelt_gkg_balanced
2018-11-30,428,-1.1690968684619873,gdelt_gkg_balanced
2018-12-01,207,-0.665122203306867,gdelt_gkg_balanced
2018-12-02,136,-0.3949691647227769,gdelt_gkg_balanced
2018-12-03,365,-0.31561496462355687,gdelt_gkg_balanced
2018-12-04,371,-0.45577590168617593,gdelt_gkg_balanced
2018-12-05,356,-0.07187682866029357,gdelt_gkg_balanced
2018-12-06,360,-0.29115515945562503,gdelt_gkg_balanced
2018-12-07,436,-1.1254765031400675,gdelt_gkg_balanced
2018-12-08,149,-0.6687095428806257,gdelt_gkg_balanced
2018-12-09,140,-0.2205217492381879,gdelt_gkg_balanced
2018-12-10,280,-0.30540233598273586,gdelt_gkg_balanced
2018-12-11,316,-0.02218779184426946,gdelt_gkg_balanced
2018-12-12,378,-0.5256995407262417,gdelt_gkg_balanced
2018-12-13,725,-2.8444972232321506,gdelt_gkg_balanced
2018-12-14,1053,-3.9229038819014015,gdelt_gkg_balanced
2018-12-15,221,-2.510436159053973,gdelt_gkg_balanced
2018-12-16,164,-0.7352362739257573,gdelt_gkg_balanced
2018-12-17,312,-1.2107013297528912,gdelt_gkg_balanced
2018-12-18,313,-0.25616481480737574,gdelt_gkg_balanced
2018-12-19,370,-0.34845636230926685,gdelt_gkg_balanced
2018-12-20,364,-0.626053914612347,gdelt_gkg_balanced
2018-12-21,374,-0.5558824506390774,gdelt_gkg_balanced
2018-12-22,166,-0.41346701479847153,gdelt_gkg_balanced
2018-12-23,124,-0.31654511622263276,gdelt_gkg_balanced
2018-12-24,249,-0.01992834789721554,gdelt_gkg_balanced
2018-12-25,99,-0.7531874138261022,gdelt_gkg_balanced
2018-12-26,229,-1.3252353611311456,gdelt_gkg_balanced
2018-12-27,314,-1.8954235549439322,gdelt_gkg_balanced
2018-12-28,344,-1.5921797271890505,gdelt_gkg_balanced
2018-12-29,155,-1.1067530353309383,gdelt_gkg_balanced
2019-03-04,304,-0.22991796931621208,gdelt_gkg_balanced
2019-03-05,335,-0.23634209741560655,gdelt_gkg_balanced
2019-03-06,323,-0.07803292462424533,gdelt_gkg_balanced
2019-03-07,393,-0.032304650914402544,gdelt_gkg_balanced
2019-03-08,337,-0.979537515702777,gdelt_gkg_balanced
2019-03-09,180,-1.2733096769543026,gdelt_gkg_balanced
2019-03-10,119,-1.0642880872751697,gdelt_gkg_balanced
2019-03-11,398,-0.3217498794433047,gdelt_gkg_balanced
2019-03-12,410,-0.7608942342423914,gdelt_gkg_balanced
2019-03-13,356,-1.1177580113718242,gdelt_gkg_balanced
2019-03-14,315,-0.8080547694213759,gdelt_gkg_balanced
2019-03-15,422,-1.9920249027004917,gdelt_gkg_balanced
2019-03-16,217,-2.0104178734339118,gdelt_gkg_balanced
2019-03-17,210,-2.650451813223776,gdelt_gkg_balanced
2019-03-18,318,-0.17526397563499863,gdelt_gkg_balanced
2019-03-19,402,-0.283251777324972,gdelt_gkg_balanced
2019-03-20,382,0.3962597002836081,gdelt_gkg_balanced
2019-03-21,319,0.0780605918594601,gdelt_gkg_balanced
2019-03-22,269,-0.150129568748825,gdelt_gkg_balanced
2019-03-23,184,-1.760671466884341,gdelt_gkg_balanced
2019-03-24,149,-0.6734256930772938,gdelt_gkg_balanced
2019-03-25,275,-0.33194523625467925,gdelt_gkg_balanced
2019-03-26,281,-0.3039938743889145,gdelt_gkg_balanced
2019-03-27,349,-0.6539783029867678,gdelt_gkg_balanced
2019-03-28,298,-0.36897812488331055,gdelt_gkg_balanced
2019-03-29,305,-1.0428308171777882,gdelt_gkg_balanced
2019-03-30,179,-0.8991793615267663,gdelt_gkg_balanced
2019-03-31,153,-0.589212240688287,gdelt_gkg_balanced
2019-04-01,252,-0.12708857466796308,gdelt_gkg_balanced
2019-04-02,485,-0.18314993668204402,gdelt_gkg_balanced
2019-04-03,428,-0.4399798447260439,gdelt_gkg_balanced
2019-04-04,379,-0.2778390131002221,gdelt_gkg_balanced
2019-04-05,286,-0.4380900404082492,gdelt_gkg_balanced
2019-04-06,189,-0.638686042173234,gdelt_gkg_balanced
2019-04-07,134,-0.6885134580852893,gdelt_gkg_balanced
2019-04-08,282,-0.1330122075592492,gdelt_gkg_balanced
2019-04-09,430,-0.9353623918682321,gdelt_gkg_balanced
2019-04-10,381,-0.2313949331567554,gdelt_gkg_balanced
2019-04-11,311,-0.3811252602926675,gdelt_gkg_balanced
2019-04-12,319,-0.3956090479666643,gdelt_gkg_balanced
2019-04-13,124,-0.5690968435632641,gdelt_gkg_balanced
2019-04-14,113,-0.03318245880380008,gdelt_gkg_balanced
2019-04-15,258,-0.3399992924081156,gdelt_gkg_balanced
2019-04-16,327,-0.27150613436400944,gdelt_gkg_balanced
2019-04-17,398,-0.7263710506561807,gdelt_gkg_balanced
2019-04-18,389,-0.24912660167543998,gdelt_gkg_balanced
2019-04-19,314,-0.6767501281985817,gdelt_gkg_balanced
2019-04-20,154,-0.7946402637175228,gdelt_gkg_balanced
2019-04-21,146,-0.92653766170254,gdelt_gkg_balanced
2019-04-22,238,-0.9100379149657664,gdelt_gkg_balanced
2019-04-23,341,-0.4685769022490627,gdelt_gkg_balanced
2019-04-24,394,0.0158994973982743,gdelt_gkg_balanced
2019-04-25,268,-0.27660450829681604,gdelt_gkg_balanced
2019-04-26,352,-1.3326061670110947,gdelt_gkg_balanced
2019-04-27,166,-0.4849198187353893,gdelt_gkg_balanced
2019-04-28,151,-0.6547364772864234,gdelt_gkg_balanced
2019-04-29,403,-0.2575122631395674,gdelt_gkg_balanced
2019-04-30,324,-0.7340302846630019,gdelt_gkg_balanced
2019-05-01,284,-1.277716722924912,gdelt_gkg_balanced
2019-05-02,296,-0.13853523225980474,gdelt_gkg_balanced
2019-05-03,402,-2.3346718017662136,gdelt_gkg_balanced
2019-05-04,200,-1.7171331019813199,gdelt_gkg_balanced
2019-05-05,105,-0.5336088860085997,gdelt_gkg_balanced
2019-05-06,306,-0.074437551669953,gdelt_gkg_balanced
2019-05-07,322,-0.2127814553608541,gdelt_gkg_balanced
2019-05-08,392,-1.9078694436350359,gdelt_gkg_balanced
2019-05-09,311,-1.0068077470962888,gdelt_gkg_balanced
2019-05-10,288,-1.1446485785740976,gdelt_gkg_balanced
2019-05-11,150,-1.3513003186417696,gdelt_gkg_balanced
2019-05-12,134,-1.0360524725751914,gdelt_gkg_balanced
2019-05-13,509,-1.216393286193832,gdelt_gkg_balanced
2019-05-14,551,-0.8093315282736118,gdelt_gkg_balanced
2019-05-15,392,-0.47477659442869063,gdelt_gkg_balanced
2019-05-16,350,-1.7539851936775637,gdelt_gkg_balanced
2019-05-17,402,-1.5873283190776906,gdelt_gkg_balanced
2019-05-18,173,-0.8439611420010998,gdelt_gkg_balanced
2019-05-19,158,-0.5045962521383993,gdelt_gkg_balanced
2019-05-20,276,-0.3602224840578796,gdelt_gkg_balanced
2019-05-21,399,-0.9720564243843833,gdelt_gkg_balanced
2019-05-22,331,-0.7048342671843547,gdelt_gkg_balanced
2019-05-23,338,-0.6394628952801845,gdelt_gkg_balanced
2019-05-24,343,-0.2789701115534176,gdelt_gkg_balanced
2019-05-25,176,-0.6012715114096242,gdelt_gkg_balanced
2019-05-26,140,-0.5857995289947202,gdelt_gkg_balanced
2019-05-27,249,-0.5378828796480953,gdelt_gkg_balanced
2019-05-28,377,-0.4176786749344411,gdelt_gkg_balanced
2019-05-29,310,0.054030210091166236,gdelt_gkg_balanced
2019-05-30,319,-0.1293542739776183,gdelt_gkg_balanced
2019-05-31,295,-0.7187072307250959,gdelt_gkg_balanced
2019-06-01,128,-0.7668460136521791,gdelt_gkg_balanced
2019-06-02,79,-0.7650905636893884,gdelt_gkg_balanced
2019-06-03,292,0.17466089949486163,gdelt_gkg_balanced
2019-06-04,321,-0.5122791979059648,gdelt_gkg_balanced
2019-06-05,315,-1.57765945368585,gdelt_gkg_balanced
2019-06-06,312,-0.6467165159703125,gdelt_gkg_balanced
2019-06-07,217,-0.6260417200223777,gdelt_gkg_balanced
2019-06-08,95,-1.049984826231247,gdelt_gkg_balanced
2019-06-09,91,-0.7352835499661277,gdelt_gkg_balanced
2019-06-10,262,-0.5765428162123735,gdelt_gkg_balanced
2019-06-11,319,-0.3554050656987823,gdelt_gkg_balanced
2019-06-12,267,-0.011383952089622548,gdelt_gkg_balanced
2019-06-13,356,-0.6427954392789733,gdelt_gkg_balanced
2019-06-14,378,-1.1016295672491738,gdelt_gkg_balanced
2019-06-15,148,-0.8039864715823472,gdelt_gkg_balanced
2019-06-16,113,-0.056007389521683645,gdelt_gkg_balanced
2019-06-17,373,-0.8170569920380785,gdelt_gkg_balanced
2019-06-18,1067,-0.412957694113215,gdelt_gkg_balanced
2019-06-19,784,-0.6633856995388159,gdelt_gkg_balanced
2019-06-20,712,-1.2572827999557645,gdelt_gkg_balanced
2019-06-21,550,-1.0170037077729854,gdelt_gkg_balanced
2019-06-22,225,-1.1014785504679638,gdelt_gkg_balanced
2019-06-23,162,-1.2014741811772542,gdelt_gkg_balanced
2019-06-24,467,-1.2379516607008139,gdelt_gkg_balanced
2019-06-25,648,-0.9701220709836978,gdelt_gkg_balanced
2019-06-26,631,-1.0510852374813,gdelt_gkg_balanced
2019-06-27,532,-1.003012515917137,gdelt_gkg_balanced
2019-06-28,409,-1.4609350373724477,gdelt_gkg_balanced
2019-06-29,201,-0.38184700322120435,gdelt_gkg_balanced
2019-06-30,183,-0.801848964544616,gdelt_gkg_balanced
2019-07-01,369,-1.5661048369096568,gdelt_gkg_balanced
2019-07-02,427,-1.133846501141059,gdelt_gkg_balanced
2019-07-03,433,-1.2516733223747054,gdelt_gkg_balanced
2019-07-04,265,-1.1670052299301499,gdelt_gkg_balanced
2019-07-05,295,-0.7115777033962805,gdelt_gkg_balanced
2019-07-06,144,-0.824105114183284,gdelt_gkg_balanced
2019-07-07,99,-1.1113379646033592,gdelt_gkg_balanced
2019-07-08,328,-0.4625495426056188,gdelt_gkg_balanced
2019-07-09,378,-0.6577004215589687,gdelt_gkg_balanced
2019-07-10,361,-0.8304893507962026,gdelt_gkg_balanced
2019-07-11,390,-1.000732519826314,gdelt_gkg_balanced
2019-07-12,599,-2.026832262723614,gdelt_gkg_balanced
2019-07-13,208,-1.6264063739079961,gdelt_gkg_balanced
2019-07-14,150,-1.7385250130086343,gdelt_gkg_balanced
2019-07-15,533,-1.2484068553968473,gdelt_gkg_balanced
2019-07-16,838,-1.273217862449371,gdelt_gkg_balanced
2019-07-17,686,-1.493326700715927,gdelt_gkg_balanced
2019-07-18,592,-1.5130545734810084,gdelt_gkg_balanced
2019-07-19,368,-1.2074449119704758,gdelt_gkg_balanced
2019-07-20,173,-0.748084526540956,gdelt_gkg_balanced
2019-07-21,95,-0.8611390168145439,gdelt_gkg_balanced
2019-07-22,359,-1.2083926874289679,gdelt_gkg_balanced
2019-07-23,448,-0.9109462103214253,gdelt_gkg_balanced
2019-07-24,412,-1.0220210504109937,gdelt_gkg_balanced
2019-09-28,200,-0.19084725357658122,gdelt_gkg_balanced
2019-09-29,148,0.36018158019185254,gdelt_gkg_balanced
2019-09-30,331,-0.22550338114957721,gdelt_gkg_balanced
2019-10-01,367,-0.5997561276438862,gdelt_gkg_balanced
2019-10-02,356,-0.795372748888683,gdelt_gkg_balanced
2019-10-03,394,-0.8938460819280755,gdelt_gkg_balanced
2019-10-04,421,-0.8497880224644757,gdelt_gkg_balanced
2019-10-05,268,-1.018556910643776,gdelt_gkg_balanced
2019-10-06,132,-0.3537807154719535,gdelt_gkg_balanced
2019-10-07,246,-0.8732448510851629,gdelt_gkg_balanced
2019-10-08,312,-0.6921049286138536,gdelt_gkg_balanced
2019-10-09,370,-0.8051952112781456,gdelt_gkg_balanced
2019-10-10,329,-0.5071074378835088,gdelt_gkg_balanced
2019-10-11,274,-1.0609128855455296,gdelt_gkg_balanced
2019-10-12,217,-0.5007633688665235,gdelt_gkg_balanced
2019-10-13,90,-1.1476168666242919,gdelt_gkg_balanced
2019-10-14,300,-1.1305193673478962,gdelt_gkg_balanced
2019-10-15,350,-0.33795844159667454,gdelt_gkg_balanced
2019-10-16,488,-1.9424766409610241,gdelt_gkg_balanced
2019-10-17,428,-2.374472300446027,gdelt_gkg_balanced
2019-10-18,382,-1.6928375560643454,gdelt_gkg_balanced
2019-10-19,188,-1.4215386865414295,gdelt_gkg_balanced
2019-10-20,134,-1.2309822042541751,gdelt_gkg_balanced
2019-10-21,266,-0.34675139326280563,gdelt_gkg_balanced
2019-10-22,359,-0.37378659353557886,gdelt_gkg_balanced
2019-10-23,571,-1.29183616126165,gdelt_gkg_balanced
2019-10-24,436,-1.2206673852195646,gdelt_gkg_balanced
2019-10-25,366,-1.9509953292978712,gdelt_gkg_balanced
2019-10-26,145,-1.0143894997517335,gdelt_gkg_balanced
2019-10-27,114,-0.9123611416609846,gdelt_gkg_balanced
2019-10-28,346,-0.3813651369992894,gdelt_gkg_balanced
2019-10-29,340,0.02811101418709728,gdelt_gkg_balanced
2019-10-30,366,-0.32918761384509304,gdelt_gkg_balanced
2019-10-31,319,-0.5281734546280664,gdelt_gkg_balanced
2019-11-01,307,-0.7764605280516479,gdelt_gkg_balanced
2019-11-02,135,-0.3025527387434856,gdelt_gkg_balanced
2019-11-03,143,-0.8896272988232276,gdelt_gkg_balanced
2019-11-04,330,-0.9506417102506024,gdelt_gkg_balanced
2019-11-05,336,-0.6893818627728234,gdelt_gkg_balanced
2019-11-06,378,-0.676869083263665,gdelt_gkg_balanced
2019-11-07,265,-0.4672485799507081,gdelt_gkg_balanced
2019-11-08,328,-1.3830946366550445,gdelt_gkg_balanced
2019-11-09,131,-0.6315504547576719,gdelt_gkg_balanced
2019-11-10,93,-0.9343051034686373,gdelt_gkg_balanced
2019-11-11,231,-0.369804277998734,gdelt_gkg_balanced
2019-11-12,324,0.4703625123218986,gdelt_gkg_balanced
2019-11-13,328,-0.18266795623897203,gdelt_gkg_balanced
2019-11-14,313,-0.40609401434699327,gdelt_gkg_balanced
2019-11-15,336,-0.884178648606808,gdelt_gkg_balanced
2019-11-16,127,-1.0717873836038367,gdelt_gkg_balanced
2019-11-17,81,-1.442860238827304,gdelt_gkg_balanced
2019-11-18,238,-0.6843996716818339,gdelt_gkg_balanced
2019-11-19,211,-0.18974283249637047,gdelt_gkg_balanced
2019-11-20,318,-0.9640958161984665,gdelt_gkg_balanced
2019-11-21,341,-0.5095096011184295,gdelt_gkg_balanced
2019-11-22,333,-1.2672254819333817,gdelt_gkg_balanced
2019-11-23,131,-1.4857715968541985,gdelt_gkg_balanced
2019-11-24,102,-1.0118036632003389,gdelt_gkg_balanced
2019-11-25,241,-1.1230574560695283,gdelt_gkg_balanced
2019-11-26,332,-0.6682599050925753,gdelt_gkg_balanced
2019-11-27,288,-0.6971908674500621,gdelt_gkg_balanced
2020-06-28,49,-0.4602432072952356,gdelt_gkg_balanced
2020-06-29,141,-0.908939767106181,gdelt_gkg_balanced
2020-06-30,210,-0.3477493806287835,gdelt_gkg_balanced
2020-07-01,168,-0.49026449539857286,gdelt_gkg_balanced
2020-07-02,147,-0.05724657503927968,gdelt_gkg_balanced
2020-07-03,117,-1.4772581530925069,gdelt_gkg_balanced
2020-07-04,65,-0.5081241676952684,gdelt_gkg_balanced
2020-07-05,64,-0.32870780769415797,gdelt_gkg_balanced
2020-07-06,174,-1.7086497589647696,gdelt_gkg_balanced
2020-07-07,182,-0.5586864697085198,gdelt_gkg_balanced
2020-07-08,179,-0.7981783739700936,gdelt_gkg_balanced
2020-07-09,208,-0.8095311623844318,gdelt_gkg_balanced
2020-07-10,154,-0.6781476139260668,gdelt_gkg_balanced
2020-07-11,65,-1.019029129566404,gdelt_gkg_balanced
2020-07-12,53,-0.9464671341635371,gdelt_gkg_balanced
2020-07-13,126,-0.6820822083547448,gdelt_gkg_balanced
2020-07-14,174,-0.49063127475065094,gdelt_gkg_balanced
2020-07-15,290,-1.24504225253744,gdelt_gkg_balanced
2020-07-16,1101,-3.092333208474952,gdelt_gkg_balanced
2020-07-17,472,-2.9325051911679307,gdelt_gkg_balanced
2020-07-18,350,-3.766262768039825,gdelt_gkg_balanced
2020-07-19,115,-3.0514763995353387,gdelt_gkg_balanced
2020-07-20,227,-1.28424128963925,gdelt_gkg_balanced
2020-07-21,250,-1.8768253111232907,gdelt_gkg_balanced
2020-07-22,216,-1.6641136515999988,gdelt_gkg_balanced
2020-07-23,389,-2.4774276785662916,gdelt_gkg_balanced
2020-07-24,213,-2.018743020456851,gdelt_gkg_balanced
2020-07-25,94,-1.8191356940608814,gdelt_gkg_balanced
2020-07-26,124,-0.4124203958964843,gdelt_gkg_balanced
2020-07-27,185,-0.6207124578222716,gdelt_gkg_balanced
2020-07-28,212,-0.5803393462298098,gdelt_gkg_balanced
2020-07-29,225,-1.1863236177866323,gdelt_gkg_balanced
2020-07-30,201,-1.4387824714885287,gdelt_gkg_balanced
2020-07-31,611,-4.614688420991618,gdelt_gkg_balanced
2020-08-01,308,-4.878618565478185,gdelt_gkg_balanced
2020-08-02,74,-2.066645675187123,gdelt_gkg_balanced
2020-08-03,163,-1.808678012017432,gdelt_gkg_balanced
2020-08-04,283,-1.679235977611039,gdelt_gkg_balanced
2020-08-05,240,-3.023311026786636,gdelt_gkg_balanced
2020-08-06,187,-0.6107123348725655,gdelt_gkg_balanced
2020-08-07,141,-0.7605351283051744,gdelt_gkg_balanced
2020-08-08,91,-0.4232013410388423,gdelt_gkg_balanced
2020-08-09,46,0.12915047596624604,gdelt_gkg_balanced
2020-08-10,127,-0.042434991591905516,gdelt_gkg_balanced
2020-08-11,174,-0.9312380608599221,gdelt_gkg_balanced
2020-08-12,134,-1.3104141750890599,gdelt_gkg_balanced
2020-08-13,291,-2.3159139993541067,gdelt_gkg_balanced
2020-08-14,225,-2.0296510767473017,gdelt_gkg_balanced
2020-08-15,62,-1.293488548196436,gdelt_gkg_balanced
2020-08-16,40,-0.752845848969476,gdelt_gkg_balanced
2020-08-17,156,0.05113805029341624,gdelt_gkg_balanced
2020-08-18,177,-0.2507168070685249,gdelt_gkg_balanced
2020-08-19,185,-0.5384269783001651,gdelt_gkg_balanced
2020-08-20,213,-2.0394904900645914,gdelt_gkg_balanced
2020-08-21,206,-2.166649533207656,gdelt_gkg_balanced
2020-08-22,74,-0.7910194975996208,gdelt_gkg_balanced
2020-08-23,71,-1.080643313303214,gdelt_gkg_balanced
2020-08-24,141,-0.26677707568671444,gdelt_gkg_balanced
2020-08-25,150,-1.1670491671111298,gdelt_gkg_balanced
2020-08-26,193,-0.5932592509491501,gdelt_gkg_balanced
2020-08-27,198,-1.0968834678408514,gdelt_gkg_balanced
2020-09-22,243,-2.3192844098314827,gdelt_gkg_balanced
2020-09-23,186,-1.6404450005980207,gdelt_gkg_balanced
2020-09-24,208,-0.4431004562092849,gdelt_gkg_balanced
2020-09-25,189,0.08695714068116832,gdelt_gkg_balanced
2020-09-26,107,-0.8185474439552183,gdelt_gkg_balanced
2020-09-27,89,-0.5552263111622198,gdelt_gkg_balanced
2020-09-28,157,0.11124332179123897,gdelt_gkg_balanced
2020-09-29,209,-1.1436818264286457,gdelt_gkg_balanced
2020-09-30,204,-0.14673775311981654,gdelt_gkg_balanced
2020-10-01,202,-0.6160634857538145,gdelt_gkg_balanced
2020-10-02,141,-0.9876148395431672,gdelt_gkg_balanced
2020-10-03,58,-2.406140922588138,gdelt_gkg_balanced
2020-10-04,43,-1.4190163419164932,gdelt_gkg_balanced
2020-10-05,113,-1.0647528103934898,gdelt_gkg_balanced
2020-10-06,313,-4.236292763018835,gdelt_gkg_balanced
2020-10-07,129,-1.1727247421764198,gdelt_gkg_balanced
2020-10-08,151,-0.6024918684251716,gdelt_gkg_balanced
2020-10-09,88,-0.7452611695856622,gdelt_gkg_balanced
2020-10-10,76,-1.0980273252670383,gdelt_gkg_balanced
2020-10-11,59,-1.70502553680944,gdelt_gkg_balanced
2020-10-12,141,-2.1253039275617858,gdelt_gkg_balanced
2020-10-13,134,-0.8168304400690872,gdelt_gkg_balanced
2020-10-14,173,-0.8102983145565824,gdelt_gkg_balanced
2020-10-15,131,-1.083590175571684,gdelt_gkg_balanced
2020-10-16,71,-2.580902339320806,gdelt_gkg_balanced
2020-10-17,55,-1.992574214050455,gdelt_gkg_balanced
2020-10-18,67,-1.6238939283763367,gdelt_gkg_balanced
2020-10-19,173,-2.262897293468267,gdelt_gkg_balanced
2020-10-20,117,-1.13890592446165,gdelt_gkg_balanced
2020-10-21,137,0.6841520527090298,gdelt_gkg_balanced
2020-10-22,173,-0.7223561116763599,gdelt_gkg_balanced
2020-10-23,106,-2.2750246396163796,gdelt_gkg_balanced
2020-10-24,32,-1.985481679091013,gdelt_gkg_balanced
2020-10-25,56,-3.2111162562710205,gdelt_gkg_balanced
2020-10-26,135,-1.0142437912471989,gdelt_gkg_balanced
2020-10-27,99,-0.2479130637619938,gdelt_gkg_balanced
2020-10-28,178,-1.6436935026500774,gdelt_gkg_balanced
2020-10-29,82,-0.22766805897273898,gdelt_gkg_balanced
2020-10-30,49,-0.9628395141010698,gdelt_gkg_balanced
2020-10-31,28,0.6914446041172185,gdelt_gkg_balanced
2020-11-01,27,-1.081765792966309,gdelt_gkg_balanced
2020-11-02,78,0.3865079480572855,gdelt_gkg_balanced
2020-11-03,51,-0.012932882727020098,gdelt_gkg_balanced
2020-11-04,92,-0.34292954785010826,gdelt_gkg_balanced
2020-11-05,73,-0.07954248182704064,gdelt_gkg_balanced
2020-11-06,30,-1.0848168712075443,gdelt_gkg_balanced
2020-11-07,11,-1.9805476883809796,gdelt_gkg_balanced
2020-11-08,28,-0.07353298971614018,gdelt_gkg_balanced
2020-11-09,128,0.009238324508840573,gdelt_gkg_balanced
2020-11-10,69,-1.6827064166400725,gdelt_gkg_balanced
2020-11-11,79,-0.7667407577280959,gdelt_gkg_balanced
2020-11-12,68,-0.3253549628110374,gdelt_gkg_balanced
2020-11-13,19,0.9157960758170972,gdelt_gkg_balanced
2020-11-14,10,-1.3737293472156717,gdelt_gkg_balanced
2020-11-15,10,-0.30933487501916707,gdelt_gkg_balanced
2020-11-16,49,-0.8288222402386755,gdelt_gkg_balanced
2020-11-17,66,-0.6575799284959502,gdelt_gkg_balanced
2020-11-18,309,-0.8958423048085008,gdelt_gkg_balanced
2020-11-19,255,-1.2276748292022144,gdelt_gkg_balanced
2020-11-20,237,-0.49200852721555083,gdelt_gkg_balanced
2020-11-21,96,-0.3143403011951778,gdelt_gkg_balanced
2020-11-22,78,-0.9234059601748987,gdelt_gkg_balanced
2020-11-23,201,-0.25539509266930543,gdelt_gkg_balanced
2020-11-24,330,-0.42523037672785335,gdelt_gkg_balanced
2020-11-25,298,0.10796177510034276,gdelt_gkg_balanced
2020-11-26,294,-1.7876923784678598,gdelt_gkg_balanced
2020-11-27,276,-0.9941537171628678,gdelt_gkg_balanced
2020-11-28,107,-0.25291782510302907,gdelt_gkg_balanced
2020-11-29,83,-1.0579258349280316,gdelt_gkg_balanced
2020-11-30,254,-0.2476697291445628,gdelt_gkg_balanced
2020-12-01,338,-0.5317371226723759,gdelt_gkg_balanced
2020-12-02,237,0.035009138201299216,gdelt_gkg_balanced
2020-12-03,219,-0.3093292920453805,gdelt_gkg_balanced
2020-12-04,186,-0.05729659562404844,gdelt_gkg_balanced
2020-12-05,117,-0.45332974815765914,gdelt_gkg_balanced
2020-12-06,69,-0.7901941212396614,gdelt_gkg_balanced
2020-12-07,216,-1.127206040310539,gdelt_gkg_balanced
2020-12-08,212,-0.8145780780715395,gdelt_gkg_balanced
2020-12-09,257,-0.5285935141933915,gdelt_gkg_balanced
2020-12-10,255,-0.0472520321049641,gdelt_gkg_balanced
2020-12-11,236,-1.3190071872329998,gdelt_gkg_balanced
2020-12-12,114,-1.697682695432074,gdelt_gkg_balanced
2020-12-13,114,-0.3457309263318514,gdelt_gkg_balanced
2020-12-14,203,-0.13635558945410015,gdelt_gkg_balanced
2020-12-15,248,-0.04082946009159492,gdelt_gkg_balanced
2020-12-16,402,-0.5801741167253969,gdelt_gkg_balanced
2020-12-17,548,-0.21547678922927832,gdelt_gkg_balanced
2020-12-18,356,-0.20974112548339874,gdelt_gkg_balanced
2020-12-19,125,-0.639236617197094,gdelt_gkg_balanced
2020-12-20,83,-1.8692105144632827,gdelt_gkg_balanced
2020-12-21,237,-1.1326186797093873,gdelt_gkg_balanced
2020-12-22,222,-0.7432439113703807,gdelt_gkg_balanced
2020-12-23,243,-0.5976332531373459,gdelt_gkg_balanced
2020-12-24,172,-0.8341817069568748,gdelt_gkg_balanced
2020-12-25,68,-0.795621229977553,gdelt_gkg_balanced
2020-12-26,83,-0.3966459637658395,gdelt_gkg_balanced
2020-12-27,99,-0.15307374665039594,gdelt_gkg_balanced
2020-12-28,266,-0.7359968556672001,gdelt_gkg_balanced
2020-12-29,279,-0.9335214293820742,gdelt_gkg_balanced
2020-12-30,291,-0.5548244327064227,gdelt_gkg_balanced
2020-12-31,275,-0.753011471167299,gdelt_gkg_balanced
2021-01-01,105,-1.2903841590297878,gdelt_gkg_balanced
2021-01-02,102,-1.0247574395677457,gdelt_gkg_balanced
2021-01-03,136,-0.4410408264155213,gdelt_gkg_balanced
2021-01-04,445,-0.36656846189062575,gdelt_gkg_balanced
2021-01-05,365,-0.6671066506090271,gdelt_gkg_balanced
2021-01-06,383,-0.23929066696076293,gdelt_gkg_balanced
2021-01-07,398,-0.16556900265115868,gdelt_gkg_balanced
2021-01-08,445,-0.3189357684899141,gdelt_gkg_balanced
2021-01-09,157,-0.4122040762955382,gdelt_gkg_balanced
2021-01-10,132,-0.7023900204940056,gdelt_gkg_balanced
2021-01-11,421,-1.0498017194730962,gdelt_gkg_balanced
2021-01-12,480,-1.35687737039456,gdelt_gkg_balanced
2021-01-13,426,-1.2508627623115791,gdelt_gkg_balanced
2021-01-14,426,-0.31451897152209535,gdelt_gkg_balanced
2021-01-15,343,-1.692006757134671,gdelt_gkg_balanced
2021-01-16,167,-0.5584473290503446,gdelt_gkg_balanced
2021-01-17,163,-1.4624256536648272,gdelt_gkg_balanced
2021-01-18,233,-1.0063170202760658,gdelt_gkg_balanced
2021-01-19,314,-0.44059201033426154,gdelt_gkg_balanced
2021-01-20,266,-0.3078602834522432,gdelt_gkg_balanced
2021-01-21,320,-0.23946397731170826,gdelt_gkg_balanced
2021-01-22,356,-1.1596950283913103,gdelt_gkg_balanced
2021-01-23,109,-1.4069664774859456,gdelt_gkg_balanced
2021-01-24,122,-0.8827349974653683,gdelt_gkg_balanced
2021-01-25,253,-0.3505992570001557,gdelt_gkg_balanced
2021-01-26,281,-0.29462328418027456,gdelt_gkg_balanced
2021-01-27,344,-1.2999534401671056,gdelt_gkg_balanced
2021-01-28,304,-1.1716212582996899,gdelt_gkg_balanced
2021-01-29,363,-0.44566181902842594,gdelt_gkg_balanced
2021-01-30,232,-1.095342946929155,gdelt_gkg_balanced
2021-01-31,102,-1.2071462617375581,gdelt_gkg_balanced
2021-02-01,257,-0.18952601937616334,gdelt_gkg_balanced
2021-02-02,313,-0.8399594491106415,gdelt_gkg_balanced
2021-02-03,252,-0.05150410505329437,gdelt_gkg_balanced
2021-02-04,314,-0.05757250542040119,gdelt_gkg_balanced
2021-02-05,399,-1.4866534715185074,gdelt_gkg_balanced
2021-02-06,162,-2.1259146393048263,gdelt_gkg_balanced
2021-02-07,139,-0.7789475342073812,gdelt_gkg_balanced
2021-02-08,717,-0.15176690318583844,gdelt_gkg_balanced
2021-02-09,922,-0.22531617458475703,gdelt_gkg_balanced
2021-02-10,689,-0.9086591576431764,gdelt_gkg_balanced
2021-02-11,559,-0.5428239330360908,gdelt_gkg_balanced
2021-02-12,612,-0.33024120687036446,gdelt_gkg_balanced
2021-02-13,304,-0.2797256142616896,gdelt_gkg_balanced
2021-02-14,200,-0.20198542407533374,gdelt_gkg_balanced
2021-02-15,508,-0.23146327687902965,gdelt_gkg_balanced
2021-02-16,749,-0.25368538055823847,gdelt_gkg_balanced
2021-02-17,845,-1.8935971743428681,gdelt_gkg_balanced
2021-02-18,655,-1.7629836490617155,gdelt_gkg_balanced
2021-02-19,571,-0.38203587363886143,gdelt_gkg_balanced
2021-02-20,291,-0.4734918274185963,gdelt_gkg_balanced
2021-02-21,190,-0.3295537522405126,gdelt_gkg_balanced
2021-02-22,523,-0.39290679810156065,gdelt_gkg_balanced
2021-02-23,688,-0.8592342394553469,gdelt_gkg_balanced
2021-02-24,586,-0.7334226196976366,gdelt_gkg_balanced
2021-02-25,451,-0.13860133368428887,gdelt_gkg_balanced
2021-02-26,431,-1.2315150838405322,gdelt_gkg_balanced
2021-02-27,226,-0.5283666633867379,gdelt_gkg_balanced
2021-02-28,164,-0.9614066173650333,gdelt_gkg_balanced
2021-03-01,369,-0.4972391602292369,gdelt_gkg_balanced
2021-03-02,421,-0.2136725591709741,gdelt_gkg_balanced
2021-03-03,416,-0.27658673931614824,gdelt_gkg_balanced
2021-03-04,384,0.049278768050545284,gdelt_gkg_balanced
2021-03-05,517,-1.5284331927919137,gdelt_gkg_balanced
2021-03-06,253,-1.8107900042052887,gdelt_gkg_balanced
2021-03-07,133,-0.49873626978976654,gdelt_gkg_balanced
2021-03-08,377,-0.18672576323295423,gdelt_gkg_balanced
2021-03-09,418,0.13879664807352077,gdelt_gkg_balanced
2021-03-10,471,-0.8498833156674661,gdelt_gkg_balanced
2021-03-11,434,-0.1954135475437144,gdelt_gkg_balanced
2022-01-08,232,-1.3965438483992063,gdelt_gkg_balanced
2022-01-09,135,-1.3457841457332411,gdelt_gkg_balanced
2022-01-10,443,-0.5815451269602434,gdelt_gkg_balanced
2022-01-11,532,-0.7656742584204851,gdelt_gkg_balanced
2022-01-12,552,-0.37882135331578054,gdelt_gkg_balanced
2022-01-13,509,-0.15216016987503528,gdelt_gkg_balanced
2022-01-14,605,-0.7404120218341763,gdelt_gkg_balanced
2022-01-15,242,-1.5842892689616648,gdelt_gkg_balanced
2022-01-16,151,-0.6898506948764311,gdelt_gkg_balanced
2022-01-17,447,-0.23582387368405425,gdelt_gkg_balanced
2022-01-18,619,-0.09267348087049694,gdelt_gkg_balanced
2022-01-19,500,-0.21317250144231106,gdelt_gkg_balanced
2022-01-20,576,-0.5467302563711212,gdelt_gkg_balanced
2022-01-21,650,-0.954230073309936,gdelt_gkg_balanced
2022-01-22,328,-1.5860043041382346,gdelt_gkg_balanced
2022-01-23,168,-1.3793641145388127,gdelt_gkg_balanced
2022-01-24,685,-1.5378493670160607,gdelt_gkg_balanced
2022-01-25,723,-1.209371473339902,gdelt_gkg_balanced
2022-01-26,674,-0.1888623587534958,gdelt_gkg_balanced
2022-01-27,546,-0.16725068520878178,gdelt_gkg_balanced
2022-01-28,480,-0.4987141449925708,gdelt_gkg_balanced
2022-01-29,222,-0.6304907263548155,gdelt_gkg_balanced
2022-01-30,150,-0.9622329538534479,gdelt_gkg_balanced
2022-01-31,437,-0.21907898845407975,gdelt_gkg_balanced
2022-02-01,830,-0.4321687544237667,gdelt_gkg_balanced
2022-02-02,567,-0.4966382015865003,gdelt_gkg_balanced
2022-02-03,548,-0.8090768912797153,gdelt_gkg_balanced
2022-02-04,448,-0.35860855693897115,gdelt_gkg_balanced
2022-02-05,203,-0.06669379345611236,gdelt_gkg_balanced
2022-02-06,235,-1.05687590270425,gdelt_gkg_balanced
2022-02-07,508,-0.41426544287878836,gdelt_gkg_balanced
2022-02-08,745,-1.0975088049386685,gdelt_gkg_balanced
2022-02-09,697,-1.3111467477870178,gdelt_gkg_balanced
2022-02-10,643,-0.9293654172581244,gdelt_gkg_balanced
2022-02-11,504,-0.9633058913285459,gdelt_gkg_balanced
2022-02-12,246,-1.2219985391420458,gdelt_gkg_balanced
2022-02-13,180,-1.3422236315618137,gdelt_gkg_balanced
2022-02-14,623,-1.1469110543952592,gdelt_gkg_balanced
2022-02-15,703,-1.6806104724205297,gdelt_gkg_balanced
2022-02-16,584,-0.6421981743842917,gdelt_gkg_balanced
2022-02-17,619,-1.2202110026777688,gdelt_gkg_balanced
2022-02-18,612,-1.7855193478921616,gdelt_gkg_balanced
2022-02-19,303,-1.9149976627261465,gdelt_gkg_balanced
2022-02-20,185,-1.6392817229589485,gdelt_gkg_balanced
2022-02-21,389,-1.3382487648874772,gdelt_gkg_balanced
2022-02-22,567,-0.8073092651956163,gdelt_gkg_balanced
2022-02-23,607,-1.404579889345073,gdelt_gkg_balanced
2022-02-24,604,-1.467218355206877,gdelt_gkg_balanced
2022-02-25,591,-1.5506055711886004,gdelt_gkg_balanced
2022-02-26,319,-1.9787155441988808,gdelt_gkg_balanced
2022-02-27,254,-1.5281648001849046,gdelt_gkg_balanced
2022-02-28,561,-1.4969053866105528,gdelt_gkg_balanced
2022-03-01,643,-1.286739414767985,gdelt_gkg_balanced
2022-03-02,796,-1.900135940702773,gdelt_gkg_balanced
2022-03-03,600,-1.3269802595052582,gdelt_gkg_balanced
2022-03-04,480,-1.1654328477692233,gdelt_gkg_balanced
2022-03-05,250,-1.443506151942892,gdelt_gkg_balanced
2022-03-06,164,-1.4530003505776323,gdelt_gkg_balanced
2022-03-07,445,-0.9722212827506845,gdelt_gkg_balanced
2022-03-08,628,-1.356273758004244,gdelt_gkg_balanced
2022-03-09,894,-0.7940277531626021,gdelt_gkg_balanced
2022-03-10,728,-0.7790920871846317,gdelt_gkg_balanced
2022-03-11,573,-0.5715585218875012,gdelt_gkg_balanced
2022-03-12,221,-1.1105520883673634,gdelt_gkg_balanced
2022-03-13,180,-0.6948376643283366,gdelt_gkg_balanced
2022-03-14,502,-0.3423547365066058,gdelt_gkg_balanced
2022-03-15,640,0.1739029567119532,gdelt_gkg_balanced
2022-03-16,510,-0.25566236980400225,gdelt_gkg_balanced
2022-03-17,505,-0.642137878242048,gdelt_gkg_balanced
2022-03-18,481,-0.9790859075095573,gdelt_gkg_balanced
2022-03-19,195,-0.5650473019585341,gdelt_gkg_balanced
2022-03-20,174,-0.5886659670989672,gdelt_gkg_balanced
2022-03-21,436,-0.5000639795434623,gdelt_gkg_balanced
2022-03-22,566,-0.4587181519494137,gdelt_gkg_balanced
2022-03-23,534,-0.3766421987260388,gdelt_gkg_balanced
2022-03-24,525,-0.3722624082030821,gdelt_gkg_balanced
2022-03-25,483,-0.3557029244676857,gdelt_gkg_balanced
2022-03-26,284,-1.0183961260251895,gdelt_gkg_balanced
2022-03-27,242,-0.7023307895737836,gdelt_gkg_balanced
2022-03-28,559,-0.5445330322354636,gdelt_gkg_balanced
2022-03-29,592,-0.14004067728315522,gdelt_gkg_balanced
2022-03-30,527,-0.3348292473291512,gdelt_gkg_balanced
2022-03-31,545,-0.3250855372353749,gdelt_gkg_balanced
2022-08-13,155,-0.7779550421958675,gdelt_gkg_balanced
2022-08-14,119,-0.8394458770451261,gdelt_gkg_balanced
2022-08-15,374,-0.46106548727752483,gdelt_gkg_balanced
2022-08-16,400,-0.7597107796138036,gdelt_gkg_balanced
2022-08-17,420,-1.0024300559493464,gdelt_gkg_balanced
2022-08-18,370,-0.6002581054501545,gdelt_gkg_balanced
2022-08-19,449,-0.9223130751037495,gdelt_gkg_balanced
2022-08-20,165,-0.579499631831506,gdelt_gkg_balanced
2022-08-21,103,-1.3110246139562278,gdelt_gkg_balanced
2022-08-22,332,-0.6184224365287685,gdelt_gkg_balanced
2022-08-23,373,-1.1586863049108016,gdelt_gkg_balanced
2022-08-24,384,-1.0298560619918768,gdelt_gkg_balanced
2022-08-25,342,-0.3295539241839693,gdelt_gkg_balanced
2022-08-26,368,-0.6796422361847335,gdelt_gkg_balanced
2022-08-27,156,-0.7098470929712593,gdelt_gkg_balanced
2022-08-28,131,-1.2758749291418616,gdelt_gkg_balanced
2022-08-29,355,-0.7028756405984828,gdelt_gkg_balanced
2022-08-30,385,-1.0035208622864862,gdelt_gkg_balanced
2022-08-31,357,-0.9186569096918795,gdelt_gkg_balanced
2022-09-01,362,-1.2122471231596583,gdelt_gkg_balanced
2022-09-02,244,-0.5341112788960201,gdelt_gkg_balanced
2022-09-03,99,-0.21785178096262903,gdelt_gkg_balanced
2022-09-04,95,-0.38326775040861977,gdelt_gkg_balanced
2022-09-05,238,-0.5743566378620638,gdelt_gkg_balanced
2022-09-06,288,-0.03535309111592959,gdelt_gkg_balanced
2022-09-07,388,-0.4737879558200554,gdelt_gkg_balanced
2022-09-08,329,-0.441582460859665,gdelt_gkg_balanced
2022-09-09,350,-0.5943450042004,gdelt_gkg_balanced
2022-09-10,101,-0.39265787534215824,gdelt_gkg_balanced
2022-09-11,145,-0.36841527752728,gdelt_gkg_balanced
2022-09-12,378,-0.7365546574707407,gdelt_gkg_balanced
2022-09-13,438,-1.0529017467580506,gdelt_gkg_balanced
2022-09-14,444,-1.5011368946045858,gdelt_gkg_balanced
2022-09-15,430,-0.5288903904614651,gdelt_gkg_balanced
2022-09-16,401,-0.7024708402096144,gdelt_gkg_balanced
2022-09-17,139,-0.735726688683829,gdelt_gkg_balanced
2022-09-18,156,-1.2547026751859884,gdelt_gkg_balanced
2022-09-19,341,-0.5721231444617263,gdelt_gkg_balanced
2022-09-20,388,-0.6314644313433604,gdelt_gkg_balanced
2022-09-21,423,-0.4246380491163162,gdelt_gkg_balanced
2022-09-22,405,-0.30189136067464273,gdelt_gkg_balanced
2022-09-23,417,-0.8970399290254877,gdelt_gkg_balanced
2022-09-24,170,-1.4814708264110354,gdelt_gkg_balanced
2022-09-25,88,-1.2285005353772165,gdelt_gkg_balanced
2022-09-26,345,-1.2919734807486543,gdelt_gkg_balanced
2022-09-27,474,-1.6772328900402187,gdelt_gkg_balanced
2022-09-28,383,-1.0269173607322486,gdelt_gkg_balanced
2022-09-29,405,-0.690794747442955,gdelt_gkg_balanced
2022-09-30,324,-0.5662507857705313,gdelt_gkg_balanced
2022-10-01,130,-1.2796606066158338,gdelt_gkg_balanced
2022-10-02,105,-1.1185040660452412,gdelt_gkg_balanced
2022-10-03,408,-0.4857690882842249,gdelt_gkg_balanced
2022-10-04,454,-0.6741403340004697,gdelt_gkg_balanced
2022-10-05,330,-0.34935818000572927,gdelt_gkg_balanced
2022-10-06,399,-1.5749614571827995,gdelt_gkg_balanced
2022-10-07,389,-1.3101771189520215,gdelt_gkg_balanced
2022-10-08,129,-1.3793113582390082,gdelt_gkg_balanced
2022-10-09,96,-0.524195489686508,gdelt_gkg_balanced
2022-10-10,275,-0.41823944426892135,gdelt_gkg_balanced
2022-10-11,409,-0.44045759857384775,gdelt_gkg_balanced
2022-10-12,351,-0.20196504394940987,gdelt_gkg_balanced
2022-12-18,157,-2.3384374373649477,gdelt_gkg_balanced
2022-12-19,472,-2.3450429075597023,gdelt_gkg_balanced
2022-12-20,463,-1.7350546615108184,gdelt_gkg_balanced
2022-12-21,555,-2.141835117266418,gdelt_gkg_balanced
2022-12-22,760,-3.8399822381249247,gdelt_gkg_balanced
2022-12-23,465,-2.1343703780437457,gdelt_gkg_balanced
2022-12-24,171,-2.071017203107506,gdelt_gkg_balanced
2022-12-25,99,-1.87750227747805,gdelt_gkg_balanced
2022-12-26,167,-1.3440819915320863,gdelt_gkg_balanced
2022-12-27,314,-1.482422835868359,gdelt_gkg_balanced
2022-12-28,379,-1.92510754745841,gdelt_gkg_balanced
2022-12-29,300,-1.5080857516989215,gdelt_gkg_balanced
2022-12-30,313,-2.101959965613821,gdelt_gkg_balanced
2022-12-31,142,-1.9898257731933489,gdelt_gkg_balanced
2023-01-01,88,-1.1844040101466111,gdelt_gkg_balanced
2023-01-02,154,-1.220910050099803,gdelt_gkg_balanced
2023-01-03,405,-3.7111229422749497,gdelt_gkg_balanced
2023-01-04,460,-2.6452581760715743,gdelt_gkg_balanced
2023-01-05,384,-1.9126998715540697,gdelt_gkg_balanced
2023-01-06,305,-1.8588853674028714,gdelt_gkg_balanced
2023-01-07,119,-2.218216437044408,gdelt_gkg_balanced
2023-01-08,133,-0.7720033581851415,gdelt_gkg_balanced
2023-01-09,308,-0.7551628643108628,gdelt_gkg_balanced
2023-01-10,348,-1.0723959829779461,gdelt_gkg_balanced
2023-01-11,395,-1.026646575888394,gdelt_gkg_balanced
2023-01-12,457,-1.450048686665794,gdelt_gkg_balanced
2023-01-13,388,-1.6191091209882935,gdelt_gkg_balanced
2023-01-14,154,-0.7262311044278112,gdelt_gkg_balanced
2023-01-15,97,-0.4647945693287331,gdelt_gkg_balanced
2023-01-16,252,-0.4427522528105004,gdelt_gkg_balanced
2023-01-17,378,-0.9422724968734152,gdelt_gkg_balanced
2023-01-18,509,-1.8212324236256694,gdelt_gkg_balanced
2023-01-19,402,-1.6426383427675177,gdelt_gkg_balanced
2023-01-20,421,-1.5551555904313774,gdelt_gkg_balanced
2023-01-21,175,-1.4523164922045193,gdelt_gkg_balanced
2023-01-22,96,-1.690688658517539,gdelt_gkg_balanced
2023-01-23,295,-0.6989796310816093,gdelt_gkg_balanced
2023-01-24,335,-1.3453774493322674,gdelt_gkg_balanced
2023-01-25,353,-0.9802892809210976,gdelt_gkg_balanced
2023-01-26,326,-1.3574254127560157,gdelt_gkg_balanced
2023-01-27,315,-1.469864155668493,gdelt_gkg_balanced
2023-01-28,144,-2.5135985784383705,gdelt_gkg_balanced
2023-01-29,96,-1.6345429974551557,gdelt_gkg_balanced
2023-01-30,286,-0.7257618904661038,gdelt_gkg_balanced
2023-01-31,324,-0.9802203258179977,gdelt_gkg_balanced
2023-02-01,329,-1.3319787122527225,gdelt_gkg_balanced
2023-02-02,379,-0.9737062493617639,gdelt_gkg_balanced
2023-02-03,365,-1.58528977887993,gdelt_gkg_balanced
2023-02-04,146,-1.508190023422479,gdelt_gkg_balanced
2023-02-05,101,-1.1597916340709276,gdelt_gkg_balanced
2023-02-06,354,-1.2827650868475389,gdelt_gkg_balanced
2023-02-07,484,-1.3669117417949626,gdelt_gkg_balanced
2023-02-08,418,-1.6725373341979728,gdelt_gkg_balanced
2023-02-09,404,-0.8477888708854517,gdelt_gkg_balanced
2023-02-10,339,-1.1270899479297418,gdelt_gkg_balanced
2023-02-11,172,-0.960706752821398,gdelt_gkg_balanced
2023-02-12,126,-1.062391390717579,gdelt_gkg_balanced
2023-02-13,295,-0.5837497907585429,gdelt_gkg_balanced
2023-02-14,341,-0.859002420046937,gdelt_gkg_balanced
2023-02-15,336,-1.0915377862169375,gdelt_gkg_balanced
2023-02-16,418,-0.9430592104772382,gdelt_gkg_balanced
2023-02-18,128,-1.1638292545824176,gdelt_gkg_balanced
2023-02-19,62,-0.8393432336536267,gdelt_gkg_balanced
2023-02-20,244,-0.3124832029748616,gdelt_gkg_balanced
2023-02-21,332,-0.68402133565724,gdelt_gkg_balanced
2023-02-22,276,-0.44983684322276546,gdelt_gkg_balanced
2023-02-23,333,-2.082589648768407,gdelt_gkg_balanced
2023-02-24,302,-1.2259670550439616,gdelt_gkg_balanced
2023-02-25,185,-1.6701417919669819,gdelt_gkg_balanced
2023-02-26,83,-1.7476989260936362,gdelt_gkg_balanced
2023-02-27,248,-0.897464951169206,gdelt_gkg_balanced
2023-02-28,292,-1.3910179665646947,gdelt_gkg_balanced
2023-03-01,306,-0.5266205101938649,gdelt_gkg_balanced
2023-03-02,330,-0.8477302827026931,gdelt_gkg_balanced
2023-03-03,312,-0.42782915170960206,gdelt_gkg_balanced
2023-03-04,106,-0.3021110006112133,gdelt_gkg_balanced
2023-03-05,76,-2.2396046784630372,gdelt_gkg_balanced
2023-03-06,284,-0.8110694396556963,gdelt_gkg_balanced
2023-03-07,326,-0.08815725076420264,gdelt_gkg_balanced
2023-03-08,384,-0.3823017775004125,gdelt_gkg_balanced
2023-03-09,478,-1.7649839128009503,gdelt_gkg_balanced
2023-03-10,457,-1.7084993494094607,gdelt_gkg_balanced
2023-03-11,198,-1.1261512608540285,gdelt_gkg_balanced
2023-03-12,127,-2.385843398126587,gdelt_gkg_balanced
2023-03-13,626,-1.224177445076568,gdelt_gkg_balanced
2023-03-14,548,-1.5796154147580945,gdelt_gkg_balanced
2023-03-15,399,-1.616818510915575,gdelt_gkg_balanced
2023-03-16,343,-1.2718785317781327,gdelt_gkg_balanced
2023-03-17,374,-1.6604715312084875,gdelt_gkg_balanced
2023-03-18,179,-1.3531984216846737,gdelt_gkg_balanced
2023-03-19,122,-2.404364562513874,gdelt_gkg_balanced
2023-03-20,421,-1.2904871035351297,gdelt_gkg_balanced
2023-03-21,387,-0.9895942066604222,gdelt_gkg_balanced
2023-03-22,367,0.3922068296066129,gdelt_gkg_balanced
2023-03-23,,,gdelt_gkg_balanced
2023-03-24,1235,-2.3688890044355975,gdelt_gkg_balanced
2023-03-25,397,-1.6153549453485971,gdelt_gkg_balanced
2023-03-26,372,-0.9005890044582818,gdelt_gkg_balanced
2023-03-27,985,-1.2329551402510421,gdelt_gkg_balanced
2023-03-28,1183,-3.3492364334354505,gdelt_gkg_balanced
2023-03-29,909,-2.3495526056901,gdelt_gkg_balanced
2023-03-30,1147,-2.800300391789754,gdelt_gkg_balanced
2023-03-31,931,-2.1674383919138283,gdelt_gkg_balanced
2023-04-01,359,-1.2502207976959914,gdelt_gkg_balanced
2023-04-02,342,-1.1998031878205004,gdelt_gkg_balanced
2023-04-03,680,-0.7771628900535966,gdelt_gkg_balanced
2023-04-04,891,-0.3490136032680867,gdelt_gkg_balanced
2023-04-05,1130,-1.334248183216323,gdelt_gkg_balanced
2023-04-06,915,-1.7178453104100908,gdelt_gkg_balanced
2023-04-07,768,-1.9039055971482852,gdelt_gkg_balanced
2023-04-08,365,-0.6962071613216405,gdelt_gkg_balanced
2023-04-09,271,-0.46827001353885195,gdelt_gkg_balanced
2023-04-10,561,-0.8110176042352193,gdelt_gkg_balanced
2023-04-11,940,-0.5146228677159606,gdelt_gkg_balanced
2023-04-12,868,-0.5930454543483207,gdelt_gkg_balanced
2023-04-13,1218,-1.950571988867449,gdelt_gkg_balanced
2023-04-14,825,-1.2861825730260485,gdelt_gkg_balanced
2023-04-15,325,-0.8605082179601589,gdelt_gkg_balanced
2023-04-16,247,0.3346789885680343,gdelt_gkg_balanced
2023-04-17,624,-0.6329812844195851,gdelt_gkg_balanced
2023-04-18,784,-0.7408490037799396,gdelt_gkg_balanced
2023-04-19,670,-0.33069108315552387,gdelt_gkg_balanced
2023-09-24,156,-0.7043267837933113,gdelt_gkg_balanced
2023-09-25,488,-0.531465166179737,gdelt_gkg_balanced
2023-09-26,570,-1.024288960251738,gdelt_gkg_balanced
2023-09-27,603,-0.6584101716824107,gdelt_gkg_balanced
2023-09-28,525,-0.600514109187371,gdelt_gkg_balanced
2023-09-29,547,-1.313070519502226,gdelt_gkg_balanced
2023-09-30,243,-1.2441173303801012,gdelt_gkg_balanced
2023-10-01,192,-0.6303841133884427,gdelt_gkg_balanced
2023-10-02,733,-1.661599617116721,gdelt_gkg_balanced
2023-10-03,878,-2.383050434432134,gdelt_gkg_balanced
2023-10-04,760,-1.6570646658928208,gdelt_gkg_balanced
2023-10-05,704,-1.6929576709913825,gdelt_gkg_balanced
2023-10-06,551,-0.8009878406480839,gdelt_gkg_balanced
2023-10-07,216,-2.073511031090923,gdelt_gkg_balanced
2023-10-08,205,-1.2475627129798788,gdelt_gkg_balanced
2023-10-09,471,-1.5231244948814895,gdelt_gkg_balanced
2023-10-10,792,-2.185406971153864,gdelt_gkg_balanced
2023-10-11,708,-1.870077212408374,gdelt_gkg_balanced
2023-10-12,600,-1.3444020428595993,gdelt_gkg_balanced
2023-10-13,599,-1.058346282116937,gdelt_gkg_balanced
2023-10-14,317,-0.8916391900914198,gdelt_gkg_balanced
2023-10-15,329,-1.5377696240160106,gdelt_gkg_balanced
2023-10-16,614,-0.4193164646426868,gdelt_gkg_balanced
2023-10-17,824,-0.4871410779213247,gdelt_gkg_balanced
2023-10-18,935,-2.778081616587684,gdelt_gkg_balanced
2023-10-19,746,-2.1714835703495146,gdelt_gkg_balanced
2023-10-20,563,-1.8281514686395515,gdelt_gkg_balanced
2023-10-21,399,-2.9880830523867603,gdelt_gkg_balanced
2023-10-22,186,-0.7164894103278029,gdelt_gkg_balanced
2023-10-23,594,-2.0502940924443314,gdelt_gkg_balanced
2023-10-24,855,-0.65846301592421,gdelt_gkg_balanced
2023-10-25,750,-1.1604796054562418,gdelt_gkg_balanced
2023-10-26,691,-2.4728307459520846,gdelt_gkg_balanced
2023-10-27,584,-2.080429904213877,gdelt_gkg_balanced
2023-10-28,253,-0.7701710996642991,gdelt_gkg_balanced
2023-10-29,178,-0.6519553712041477,gdelt_gkg_balanced
2023-10-30,535,-0.3259738310346817,gdelt_gkg_balanced
2023-10-31,577,-1.3610274762869445,gdelt_gkg_balanced
2023-11-01,617,-1.4125803439748963,gdelt_gkg_balanced
2023-11-02,672,-1.4764352700916763,gdelt_gkg_balanced
2023-11-03,1445,-3.9169373591579237,gdelt_gkg_balanced
2023-11-04,290,-1.9096362667185656,gdelt_gkg_balanced
2023-11-05,199,-1.3578007666747696,gdelt_gkg_balanced
2023-11-06,525,-0.8113210527508673,gdelt_gkg_balanced
2023-11-07,610,-0.13594298848030867,gdelt_gkg_balanced
2023-11-08,640,-0.10574492452687752,gdelt_gkg_balanced
2023-11-09,603,-0.14342077794709662,gdelt_gkg_balanced
2023-11-10,568,-0.9782359888190839,gdelt_gkg_balanced
2023-11-11,302,-1.654967809738555,gdelt_gkg_balanced
2023-11-12,220,-0.892882186976965,gdelt_gkg_balanced
2023-11-13,542,-0.44156439205996106,gdelt_gkg_balanced
2023-11-14,588,-0.12424634157842751,gdelt_gkg_balanced
2023-11-15,640,-0.2957629594346759,gdelt_gkg_balanced
2023-11-16,547,-0.14670958663630884,gdelt_gkg_balanced
2023-11-17,687,-0.1286696037225292,gdelt_gkg_balanced
2023-11-18,492,0.1919980746060046,gdelt_gkg_balanced
2023-11-19,279,-1.3352638968634436,gdelt_gkg_balanced
2023-11-20,531,-0.9864226617747317,gdelt_gkg_balanced
2023-11-21,855,-2.433691351904839,gdelt_gkg_balanced
2023-11-22,954,-2.375342119991548,gdelt_gkg_balanced
2023-11-23,672,-1.1891061469454574,gdelt_gkg_balanced
2024-10-13,207,-0.26409077561837063,gdelt_gkg_balanced
2024-10-14,625,-0.4444544956075659,gdelt_gkg_balanced
2024-10-15,614,-0.09846187608352579,gdelt_gkg_balanced
2024-10-16,548,-0.4228865781770134,gdelt_gkg_balanced
2024-10-17,673,-1.4990430351330926,gdelt_gkg_balanced
2024-10-18,794,-3.0308325100913724,gdelt_gkg_balanced
2024-10-19,282,-1.3101300717735844,gdelt_gkg_balanced
2024-10-20,258,-0.5312601066045661,gdelt_gkg_balanced
2024-10-21,559,-0.6225841668778296,gdelt_gkg_balanced
2024-10-22,652,-0.6937249799473731,gdelt_gkg_balanced
2024-10-23,573,-1.0723408003557506,gdelt_gkg_balanced
2024-10-24,644,-2.166079840227733,gdelt_gkg_balanced
2024-10-25,459,-1.2489049619810326,gdelt_gkg_balanced
2024-10-26,194,-0.9430896882077843,gdelt_gkg_balanced
2024-10-27,228,-0.9336369889805861,gdelt_gkg_balanced
2024-10-28,657,-2.5998127684735595,gdelt_gkg_balanced
2024-10-29,604,-0.631236147464367,gdelt_gkg_balanced
2024-10-30,691,-0.28921126288426235,gdelt_gkg_balanced
2024-10-31,552,-0.24956999062304697,gdelt_gkg_balanced
2024-11-01,490,-0.8918057552573405,gdelt_gkg_balanced
2024-11-02,214,-1.474443073754399,gdelt_gkg_balanced
2024-11-03,211,-0.45139046265656574,gdelt_gkg_balanced
2024-11-04,638,-0.33114177330780137,gdelt_gkg_balanced
2024-11-05,612,-0.4162700699299853,gdelt_gkg_balanced
2024-11-06,2247,-0.02166641299958779,gdelt_gkg_balanced
2024-11-07,1366,-0.7724155582077458,gdelt_gkg_balanced
2024-11-08,624,-0.4663756568063319,gdelt_gkg_balanced
2024-11-09,245,-1.2821021057078577,gdelt_gkg_balanced
2024-11-10,302,-0.20958768366200842,gdelt_gkg_balanced
2024-11-11,1079,-0.3875710379387143,gdelt_gkg_balanced
2024-11-12,1131,-0.19739208680370401,gdelt_gkg_balanced
2024-11-13,1981,-0.7661618240326972,gdelt_gkg_balanced
2024-11-14,1141,-0.41491231652252225,gdelt_gkg_balanced
2024-11-15,945,-1.9271481692197552,gdelt_gkg_balanced
2024-11-16,441,-0.42710731086384796,gdelt_gkg_balanced
2024-11-17,471,0.13190770865079965,gdelt_gkg_balanced
2024-11-18,706,-0.34453885450755256,gdelt_gkg_balanced
2024-11-19,1073,-0.4526272261015821,gdelt_gkg_balanced
2024-11-20,1657,-0.6615793089192286,gdelt_gkg_balanced
2024-11-21,1646,0.48883131995326373,gdelt_gkg_balanced
2024-11-22,1164,-1.4606743939308453,gdelt_gkg_balanced
2024-11-23,416,-2.105819617521488,gdelt_gkg_balanced
2024-11-24,248,-0.614904453401188,gdelt_gkg_balanced
2024-11-25,648,0.053624309916007466,gdelt_gkg_balanced
2024-11-26,972,-1.4468933829714592,gdelt_gkg_balanced
2024-11-27,623,-0.6351195478830867,gdelt_gkg_balanced
2024-11-28,548,-0.4830015015551399,gdelt_gkg_balanced
2024-11-29,713,0.6585709832168359,gdelt_gkg_balanced
2024-11-30,413,0.5084609453496741,gdelt_gkg_balanced
2024-12-01,304,-1.1195461245399065,gdelt_gkg_balanced
2024-12-02,664,-0.47069652825951097,gdelt_gkg_balanced
2024-12-03,728,-1.0983190760174122,gdelt_gkg_balanced
2024-12-04,866,-0.8795778610463507,gdelt_gkg_balanced
2024-12-05,1688,-0.4931496301559379,gdelt_gkg_balanced
2024-12-06,1234,-0.47963860719171303,gdelt_gkg_balanced
2024-12-07,356,-1.1805070036487324,gdelt_gkg_balanced
2024-12-08,275,-0.7822376765270385,gdelt_gkg_balanced
2024-12-09,617,-0.4500467057368568,gdelt_gkg_balanced
2024-12-10,643,-0.3279687712894771,gdelt_gkg_balanced
2024-12-11,675,-0.5779460613287796,gdelt_gkg_balanced
2024-12-12,578,-0.02000720809463596,gdelt_gkg_balanced
2025-02-01,224,0.4257249163220905,gdelt_gkg_balanced
2025-02-02,209,-0.343763540176339,gdelt_gkg_balanced
2025-02-03,809,-1.7574107537739643,gdelt_gkg_balanced
2025-02-04,536,-0.6599337443673461,gdelt_gkg_balanced
2025-02-05,598,-0.30996804006205975,gdelt_gkg_balanced
2025-02-06,632,-1.0682585057311291,gdelt_gkg_balanced
2025-02-07,454,-0.500979821693746,gdelt_gkg_balanced
2025-02-08,215,0.21595491562610286,gdelt_gkg_balanced
2025-02-09,184,-0.7439585410691599,gdelt_gkg_balanced
2025-02-10,374,-1.2673809030845669,gdelt_gkg_balanced
2025-02-11,676,-1.4731804357683966,gdelt_gkg_balanced
2025-02-12,899,-0.9364927635896909,gdelt_gkg_balanced
2025-02-13,713,-1.0530083695604122,gdelt_gkg_balanced
2025-02-14,690,-1.4631076737400994,gdelt_gkg_balanced
2025-02-15,266,-1.7186352664456541,gdelt_gkg_balanced
2025-02-16,242,-2.085154260512648,gdelt_gkg_balanced
2025-02-17,600,-1.2654877412550172,gdelt_gkg_balanced
2025-02-18,489,-1.5069304543048356,gdelt_gkg_balanced
2025-02-19,450,-0.981229757530549,gdelt_gkg_balanced
2025-02-20,431,-1.0092313579235317,gdelt_gkg_balanced
2025-02-21,449,-0.7387496153079345,gdelt_gkg_balanced
2025-02-22,344,-1.459463328566059,gdelt_gkg_balanced
2025-02-23,186,-0.8666631966843378,gdelt_gkg_balanced
2025-02-24,387,-1.2859288875844448,gdelt_gkg_balanced
2025-02-25,844,-1.8267331026009086,gdelt_gkg_balanced
2025-02-26,712,-1.4850630558832167,gdelt_gkg_balanced
2025-02-27,701,-2.491680474172299,gdelt_gkg_balanced
2025-02-28,668,-1.451754809722599,gdelt_gkg_balanced
2025-03-01,250,-1.6371400216252605,gdelt_gkg_balanced
2025-03-02,266,-0.2634325543718417,gdelt_gkg_balanced
2025-03-03,810,-0.6641126066511436,gdelt_gkg_balanced
2025-03-04,866,-1.2843886003235059,gdelt_gkg_balanced
2025-03-05,713,-1.1751472915366696,gdelt_gkg_balanced
2025-03-06,550,-0.6468931258246299,gdelt_gkg_balanced
2025-03-07,1069,-1.1373543449663057,gdelt_gkg_balanced
2025-03-08,459,-0.7365806151644899,gdelt_gkg_balanced
2025-03-09,165,-0.1947765935663207,gdelt_gkg_balanced
2025-03-10,767,-1.7572034708129944,gdelt_gkg_balanced
2025-03-11,704,-1.6304378508058988,gdelt_gkg_balanced
2025-03-12,508,-0.6043995444927068,gdelt_gkg_balanced
2025-03-13,525,-1.8281859904533733,gdelt_gkg_balanced
2025-03-14,520,-1.5245368031494217,gdelt_gkg_balanced
2025-03-15,191,-0.6201966185927567,gdelt_gkg_balanced
2025-03-16,146,-1.2011818912143808,gdelt_gkg_balanced
2025-03-17,373,-0.46321329699523556,gdelt_gkg_balanced
2025-03-18,534,-0.37552106777829475,gdelt_gkg_balanced
2025-03-19,641,-1.1782746421436663,gdelt_gkg_balanced
2025-03-20,676,-0.8395930557757828,gdelt_gkg_balanced
2025-03-21,505,-0.9914283720694305,gdelt_gkg_balanced
2025-03-22,225,0.23667943899727906,gdelt_gkg_balanced
2025-03-23,124,-0.18922292537994187,gdelt_gkg_balanced
2025-03-24,410,-0.5093913328272972,gdelt_gkg_balanced
2025-03-25,550,0.2139657027980885,gdelt_gkg_balanced
2025-03-26,596,-0.26967207783559405,gdelt_gkg_balanced
2025-03-27,487,-0.2301395555434917,gdelt_gkg_balanced
2025-03-28,488,-0.4514731262265795,gdelt_gkg_balanced
2025-03-29,349,-2.9022899118345955,gdelt_gkg_balanced
2025-03-30,192,-0.5905091774059784,gdelt_gkg_balanced
2025-03-31,414,0.04349238494830327,gdelt_gkg_balanced
2025-04-01,732,0.28827601524527363,gdelt_gkg_balanced
2025-04-02,489,-0.6920026765363918,gdelt_gkg_balanced
2025-09-27,209,-0.3833504384298683,gdelt_gkg_balanced
2025-09-28,124,-0.7100177515529117,gdelt_gkg_balanced
2025-09-29,430,-0.927273886155473,gdelt_gkg_balanced
2025-09-30,473,-0.6382997241338516,gdelt_gkg_balanced
2025-10-01,405,0.09477686134786674,gdelt_gkg_balanced
2025-10-02,425,0.17461071372763573,gdelt_gkg_balanced
2025-10-03,376,-0.0707683605342674,gdelt_gkg_balanced
2025-10-04,186,-0.9271485777914505,gdelt_gkg_balanced
2025-10-05,192,-0.17127182202509536,gdelt_gkg_balanced
2025-10-06,440,0.4041872937844115,gdelt_gkg_balanced
2025-10-07,563,-0.060953763237172394,gdelt_gkg_balanced
2025-10-08,397,-0.017575615313170825,gdelt_gkg_balanced
2025-10-09,466,0.36484667572481405,gdelt_gkg_balanced
2025-10-10,413,-0.20744585788896677,gdelt_gkg_balanced
2025-10-11,305,-2.242926653961178,gdelt_gkg_balanced
2025-10-12,189,-2.731836822055175,gdelt_gkg_balanced
2025-10-13,592,-0.8812930504835502,gdelt_gkg_balanced
2025-10-14,614,-1.960870751079646,gdelt_gkg_balanced
2025-10-15,819,-3.465357550271228,gdelt_gkg_balanced
2025-10-16,581,-1.1899733496641218,gdelt_gkg_balanced
2025-10-17,593,-0.9806434325375079,gdelt_gkg_balanced
2025-10-18,190,-1.3579562324626027,gdelt_gkg_balanced
2025-10-19,133,-0.5430276644261867,gdelt_gkg_balanced
2025-10-20,388,-0.5791372407767548,gdelt_gkg_balanced
2025-10-21,511,-0.7073483106517627,gdelt_gkg_balanced
2025-10-22,581,-0.8420694956743048,gdelt_gkg_balanced
2025-10-23,1159,-2.169788271242717,gdelt_gkg_balanced
2025-10-24,728,-1.5291117635833633,gdelt_gkg_balanced
2025-10-25,370,-1.3349786324710042,gdelt_gkg_balanced
2025-10-26,168,-0.10583881606032544,gdelt_gkg_balanced
2025-10-27,514,0.6778499716835517,gdelt_gkg_balanced
2025-10-28,431,0.2297836694825844,gdelt_gkg_balanced
2025-10-29,544,-0.23311963308521513,gdelt_gkg_balanced
2025-10-30,441,0.009146377346368115,gdelt_gkg_balanced
2025-10-31,395,-0.8721830808216194,gdelt_gkg_balanced
2025-11-01,204,-1.1857251958279387,gdelt_gkg_balanced
2025-11-02,171,-1.2862262404903924,gdelt_gkg_balanced
2025-11-03,560,-1.4986936076022503,gdelt_gkg_balanced
2025-11-04,544,-1.4560072491285383,gdelt_gkg_balanced
2025-11-05,782,-1.5312144196093884,gdelt_gkg_balanced
2025-11-06,449,-0.9804609868044637,gdelt_gkg_balanced
2025-11-07,425,-0.6785162270300535,gdelt_gkg_balanced
2025-11-08,255,-0.9680035858955318,gdelt_gkg_balanced
2025-11-09,178,-0.5549206184889969,gdelt_gkg_balanced
2025-11-10,548,-0.6170128563493613,gdelt_gkg_balanced
2025-11-11,626,-1.6461470678370185,gdelt_gkg_balanced
2025-11-12,715,-0.9368031097617565,gdelt_gkg_balanced
2025-11-13,568,-0.43513561348759133,gdelt_gkg_balanced
2025-11-14,645,-1.1757705009219703,gdelt_gkg_balanced
2025-11-15,263,-1.0094771653317058,gdelt_gkg_balanced
2025-11-16,210,-1.160671011874336,gdelt_gkg_balanced
2025-11-17,567,-1.0788331807390397,gdelt_gkg_balanced
2025-11-18,780,-1.6274215276454809,gdelt_gkg_balanced
2025-11-19,777,-1.4878149881454568,gdelt_gkg_balanced
2025-11-20,663,-0.925128372327197,gdelt_gkg_balanced
2025-11-21,985,-1.8902665716854454,gdelt_gkg_balanced
2025-11-22,244,-0.881699072689959,gdelt_gkg_balanced
2025-11-23,232,-1.1338941339675297,gdelt_gkg_balanced
2025-11-24,688,-0.5723611046695137,gdelt_gkg_balanced
2025-11-25,623,-1.1566274022134246,gdelt_gkg_balanced
2025-11-26,468,-0.9306423865966504,gdelt_gkg_balanced
